Nova | Rising Skull (Minimal Wear)
Nova | Rising Skull (Field-Tested)
Nova | Rising Skull (Factory New)
Nova | Rising Skull (Battle-Scarred)
Nova | Red Quartz (Well-Worn)
Nova | Red Quartz (Minimal Wear)
Nova | Red Quartz (Field-Tested)
Nova | Red Quartz (Factory New)
Nova | Koi (Minimal Wear)
Nova | Koi (Field-Tested)
Nova | Koi (Factory New)
Nova | Hyper Beast (Well-Worn)
Nova | Hyper Beast (Minimal Wear)
Nova | Hyper Beast (Field-Tested)
Nova | Hyper Beast (Factory New)
Nova | Hyper Beast (Battle-Scarred)
Nova | Graphite (Minimal Wear)
Nova | Graphite (Factory New)
Nova | Gila (Minimal Wear)
Nova | Gila (Field-Tested)
Nova | Gila (Factory New)
Nova | Clear Polymer (Well-Worn)
Nova | Clear Polymer (Minimal Wear)
Nova | Clear Polymer (Field-Tested)
Nova | Clear Polymer (Factory New)
Nova | Clear Polymer (Battle-Scarred)
Nova | Bloomstick (Well-Worn)
Nova | Bloomstick (Minimal Wear)
Nova | Bloomstick (Field-Tested)
Nova | Bloomstick (Factory New)
Nova | Bloomstick (Battle-Scarred)
Nova | Baroque Orange (Well-Worn)
Nova | Baroque Orange (Minimal Wear)
Nova | Baroque Orange (Field-Tested)
Nova | Baroque Orange (Factory New)
Nova | Baroque Orange (Battle-Scarred)
Nova | Antique (Minimal Wear)
Nova | Antique (Field-Tested)
Nova | Antique (Factory New)
Negev | Power Loader (Well-Worn)
Negev | Power Loader (Minimal Wear)
Negev | Power Loader (Field-Tested)
Negev | Power Loader (Factory New)
Negev | Power Loader (Battle-Scarred)
Negev | Loudmouth (Well-Worn)
Negev | Loudmouth (Minimal Wear)
Negev | Loudmouth (Field-Tested)
Negev | Loudmouth (Battle-Scarred)
Negev | Lionfish (Well-Worn)
Negev | Lionfish (Minimal Wear)
Negev | Lionfish (Field-Tested)
Negev | Lionfish (Factory New)
Negev | Lionfish (Battle-Scarred)
Negev | dev_texture (Well-Worn)
Negev | dev_texture (Minimal Wear)
Negev | dev_texture (Field-Tested)
Negev | dev_texture (Factory New)
Negev | dev_texture (Battle-Scarred)
MP9 | Wild Lily (Well-Worn)
MP9 | Wild Lily (Battle-Scarred)
MP9 | Starlight Protector (Well-Worn)
MP9 | Starlight Protector (Minimal Wear)
MP9 | Starlight Protector (Field-Tested)
MP9 | Starlight Protector (Factory New)
MP9 | Starlight Protector (Battle-Scarred)
MP9 | Stained Glass (Well-Worn)
MP9 | Stained Glass (Minimal Wear)
MP9 | Stained Glass (Field-Tested)
MP9 | Stained Glass (Factory New)
MP9 | Stained Glass (Battle-Scarred)
MP9 | Ruby Poison Dart (Well-Worn)
MP9 | Ruby Poison Dart (Minimal Wear)
MP9 | Ruby Poison Dart (Field-Tested)
MP9 | Ruby Poison Dart (Factory New)
MP9 | Ruby Poison Dart (Battle-Scarred)
MP9 | Rose Iron (Minimal Wear)
MP9 | Rose Iron (Field-Tested)
MP9 | Rose Iron (Factory New)
MP9 | Mount Fuji (Well-Worn)
MP9 | Mount Fuji (Minimal Wear)
MP9 | Mount Fuji (Field-Tested)
MP9 | Mount Fuji (Factory New)
MP9 | Mount Fuji (Battle-Scarred)
MP9 | Hypnotic (Minimal Wear)
MP9 | Hypnotic (Factory New)
MP9 | Hydra (Well-Worn)
MP9 | Hydra (Minimal Wear)
MP9 | Hydra (Field-Tested)
MP9 | Hydra (Factory New)
MP9 | Hydra (Battle-Scarred)
MP9 | Goo (Well-Worn)
MP9 | Goo (Minimal Wear)
MP9 | Goo (Field-Tested)
MP9 | Goo (Factory New)
MP9 | Goo (Battle-Scarred)
MP9 | Food Chain (Well-Worn)
MP9 | Food Chain (Minimal Wear)
MP9 | Food Chain (Field-Tested)
MP9 | Food Chain (Factory New)
MP9 | Food Chain (Battle-Scarred)
MP9 | Bulldozer (Well-Worn)
MP9 | Bulldozer (Minimal Wear)
MP9 | Bulldozer (Field-Tested)
MP9 | Bulldozer (Factory New)
MP9 | Bulldozer (Battle-Scarred)
MP9 | Airlock (Well-Worn)
MP9 | Airlock (Minimal Wear)
MP9 | Airlock (Field-Tested)
MP9 | Airlock (Factory New)
MP9 | Airlock (Battle-Scarred)
MP7 | Special Delivery (Well-Worn)
MP7 | Special Delivery (Minimal Wear)
MP7 | Special Delivery (Field-Tested)
MP7 | Special Delivery (Factory New)
MP7 | Special Delivery (Battle-Scarred)
MP7 | Powercore (Well-Worn)
MP7 | Powercore (Minimal Wear)
MP7 | Powercore (Field-Tested)
MP7 | Powercore (Factory New)
MP7 | Powercore (Battle-Scarred)
MP7 | Ocean Foam (Minimal Wear)
MP7 | Ocean Foam (Factory New)
MP7 | Neon Ply (Well-Worn)
MP7 | Neon Ply (Minimal Wear)
MP7 | Neon Ply (Field-Tested)
MP7 | Neon Ply (Factory New)
MP7 | Neon Ply (Battle-Scarred)
MP7 | Nemesis (Minimal Wear)
MP7 | Nemesis (Field-Tested)
MP7 | Nemesis (Factory New)
MP7 | Impire (Well-Worn)
MP7 | Impire (Minimal Wear)
MP7 | Impire (Field-Tested)
MP7 | Impire (Factory New)
MP7 | Fade (Minimal Wear)
MP7 | Fade (Field-Tested)
MP7 | Fade (Factory New)
MP7 | Bloodsport (Well-Worn)
MP7 | Bloodsport (Minimal Wear)
MP7 | Bloodsport (Field-Tested)
MP7 | Bloodsport (Factory New)
MP7 | Bloodsport (Battle-Scarred)
MP7 | Abyssal Apparition (Well-Worn)
MP7 | Abyssal Apparition (Minimal Wear)
MP7 | Abyssal Apparition (Field-Tested)
MP7 | Abyssal Apparition (Factory New)
MP7 | Abyssal Apparition (Battle-Scarred)
MP5-SD | Phosphor (Well-Worn)
MP5-SD | Phosphor (Minimal Wear)
MP5-SD | Phosphor (Field-Tested)
MP5-SD | Phosphor (Factory New)
MP5-SD | Phosphor (Battle-Scarred)
MP5-SD | Oxide Oasis (Minimal Wear)
MP5-SD | Oxide Oasis (Field-Tested)
MP5-SD | Oxide Oasis (Factory New)
MP5-SD | Oxide Oasis (Battle-Scarred)
MP5-SD | Kitbash (Well-Worn)
MP5-SD | Kitbash (Minimal Wear)
MP5-SD | Kitbash (Field-Tested)
MP5-SD | Kitbash (Factory New)
MP5-SD | Kitbash (Battle-Scarred)
MP5-SD | Gauss (Well-Worn)
MP5-SD | Gauss (Minimal Wear)
MP5-SD | Gauss (Field-Tested)
MP5-SD | Gauss (Factory New)
MP5-SD | Gauss (Battle-Scarred)
MP5-SD | Autumn Twilly (Well-Worn)
MP5-SD | Autumn Twilly (Minimal Wear)
MP5-SD | Autumn Twilly (Field-Tested)
MP5-SD | Autumn Twilly (Factory New)
MP5-SD | Autumn Twilly (Battle-Scarred)
MP5-SD | Agent (Well-Worn)
MP5-SD | Agent (Minimal Wear)
MP5-SD | Agent (Field-Tested)
MP5-SD | Agent (Factory New)
MP5-SD | Agent (Battle-Scarred)
MAG-7 | SWAG-7 (Well-Worn)
MAG-7 | SWAG-7 (Minimal Wear)
MAG-7 | SWAG-7 (Field-Tested)
MAG-7 | SWAG-7 (Factory New)
MAG-7 | SWAG-7 (Battle-Scarred)
MAG-7 | Prism Terrace (Minimal Wear)
MAG-7 | Prism Terrace (Field-Tested)
MAG-7 | Prism Terrace (Factory New)
MAG-7 | Praetorian (Well-Worn)
MAG-7 | Praetorian (Minimal Wear)
MAG-7 | Praetorian (Field-Tested)
MAG-7 | Praetorian (Factory New)
MAG-7 | Petroglyph (Well-Worn)
MAG-7 | Petroglyph (Minimal Wear)
MAG-7 | Petroglyph (Field-Tested)
MAG-7 | Petroglyph (Factory New)
MAG-7 | Monster Call (Well-Worn)
MAG-7 | Monster Call (Minimal Wear)
MAG-7 | Monster Call (Field-Tested)
MAG-7 | Monster Call (Factory New)
MAG-7 | Monster Call (Battle-Scarred)
MAG-7 | Justice (Well-Worn)
MAG-7 | Justice (Minimal Wear)
MAG-7 | Justice (Field-Tested)
MAG-7 | Justice (Factory New)
MAG-7 | Justice (Battle-Scarred)
MAG-7 | Heat (Well-Worn)
MAG-7 | Heat (Minimal Wear)
MAG-7 | Heat (Field-Tested)
MAG-7 | Heat (Factory New)
MAG-7 | Heat (Battle-Scarred)
MAG-7 | Core Breach (Well-Worn)
MAG-7 | Core Breach (Minimal Wear)
MAG-7 | Core Breach (Field-Tested)
MAG-7 | Core Breach (Factory New)
MAG-7 | Core Breach (Battle-Scarred)
MAG-7 | Cinquedea (Well-Worn)
MAG-7 | Cinquedea (Minimal Wear)
MAG-7 | Cinquedea (Field-Tested)
MAG-7 | Cinquedea (Factory New)
MAG-7 | Cinquedea (Battle-Scarred)
MAG-7 | Bulldozer (Well-Worn)
MAG-7 | Bulldozer (Minimal Wear)
MAG-7 | Bulldozer (Field-Tested)
MAG-7 | Bulldozer (Factory New)
MAG-7 | Bulldozer (Battle-Scarred)
MAG-7 | BI83 Spectrum (Well-Worn)
MAG-7 | BI83 Spectrum (Minimal Wear)
MAG-7 | BI83 Spectrum (Field-Tested)
MAG-7 | BI83 Spectrum (Factory New)
MAG-7 | BI83 Spectrum (Battle-Scarred)
MAC-10 | Toybox (Well-Worn)
MAC-10 | Toybox (Minimal Wear)
MAC-10 | Toybox (Field-Tested)
MAC-10 | Toybox (Factory New)
MAC-10 | Toybox (Battle-Scarred)
MAC-10 | Tatter (Well-Worn)
MAC-10 | Tatter (Minimal Wear)
MAC-10 | Tatter (Field-Tested)
MAC-10 | Tatter (Factory New)
MAC-10 | Tatter (Battle-Scarred)
MAC-10 | Stalker (Well-Worn)
MAC-10 | Stalker (Minimal Wear)
MAC-10 | Stalker (Field-Tested)
MAC-10 | Stalker (Factory New)
MAC-10 | Stalker (Battle-Scarred)
MAC-10 | Sakkaku (Well-Worn)
MAC-10 | Sakkaku (Field-Tested)
MAC-10 | Sakkaku (Battle-Scarred)
MAC-10 | Red Filigree (Well-Worn)
MAC-10 | Red Filigree (Minimal Wear)
MAC-10 | Red Filigree (Field-Tested)
MAC-10 | Red Filigree (Factory New)
MAC-10 | Red Filigree (Battle-Scarred)
MAC-10 | Propaganda (Well-Worn)
MAC-10 | Propaganda (Minimal Wear)
MAC-10 | Propaganda (Field-Tested)
MAC-10 | Propaganda (Factory New)
MAC-10 | Propaganda (Battle-Scarred)
MAC-10 | Pipe Down (Well-Worn)
MAC-10 | Pipe Down (Minimal Wear)
MAC-10 | Pipe Down (Field-Tested)
MAC-10 | Pipe Down (Factory New)
MAC-10 | Pipe Down (Battle-Scarred)
MAC-10 | Neon Rider (Well-Worn)
MAC-10 | Neon Rider (Minimal Wear)
MAC-10 | Neon Rider (Field-Tested)
MAC-10 | Neon Rider (Factory New)
MAC-10 | Malachite (Well-Worn)
MAC-10 | Malachite (Minimal Wear)
MAC-10 | Malachite (Field-Tested)
MAC-10 | Malachite (Factory New)
MAC-10 | Malachite (Battle-Scarred)
MAC-10 | Last Dive (Well-Worn)
MAC-10 | Last Dive (Minimal Wear)
MAC-10 | Last Dive (Field-Tested)
MAC-10 | Last Dive (Factory New)
MAC-10 | Last Dive (Battle-Scarred)
MAC-10 | Hot Snakes (Well-Worn)
MAC-10 | Hot Snakes (Minimal Wear)
MAC-10 | Hot Snakes (Field-Tested)
MAC-10 | Hot Snakes (Factory New)
MAC-10 | Hot Snakes (Battle-Scarred)
MAC-10 | Heat (Well-Worn)
MAC-10 | Heat (Minimal Wear)
MAC-10 | Heat (Field-Tested)
MAC-10 | Heat (Factory New)
MAC-10 | Heat (Battle-Scarred)
MAC-10 | Graven (Well-Worn)
MAC-10 | Graven (Minimal Wear)
MAC-10 | Graven (Field-Tested)
MAC-10 | Graven (Factory New)
MAC-10 | Graven (Battle-Scarred)
MAC-10 | Gold Brick (Well-Worn)
MAC-10 | Gold Brick (Minimal Wear)
MAC-10 | Gold Brick (Field-Tested)
MAC-10 | Gold Brick (Factory New)
MAC-10 | Gold Brick (Battle-Scarred)
MAC-10 | Disco Tech (Well-Worn)
MAC-10 | Disco Tech (Minimal Wear)
MAC-10 | Disco Tech (Field-Tested)
MAC-10 | Disco Tech (Factory New)
MAC-10 | Disco Tech (Battle-Scarred)
MAC-10 | Curse (Well-Worn)
MAC-10 | Curse (Minimal Wear)
MAC-10 | Curse (Field-Tested)
MAC-10 | Curse (Factory New)
MAC-10 | Curse (Battle-Scarred)
MAC-10 | Case Hardened (Well-Worn)
MAC-10 | Case Hardened (Minimal Wear)
MAC-10 | Case Hardened (Field-Tested)
MAC-10 | Case Hardened (Factory New)
MAC-10 | Case Hardened (Battle-Scarred)
MAC-10 | Button Masher (Well-Worn)
MAC-10 | Button Masher (Minimal Wear)
MAC-10 | Button Masher (Field-Tested)
MAC-10 | Button Masher (Factory New)
MAC-10 | Button Masher (Battle-Scarred)
MAC-10 | Allure (Well-Worn)
MAC-10 | Allure (Minimal Wear)
MAC-10 | Allure (Field-Tested)
MAC-10 | Allure (Factory New)
MAC-10 | Allure (Battle-Scarred)
M4A4 | 龍王 (Dragon King) (Well-Worn)
M4A4 | 龍王 (Dragon King) (Minimal Wear)
M4A4 | 龍王 (Dragon King) (Field-Tested)
M4A4 | 龍王 (Dragon King) (Factory New)
M4A4 | 龍王 (Dragon King) (Battle-Scarred)
M4A4 | Zirka (Well-Worn)
M4A4 | Zirka (Minimal Wear)
M4A4 | Zirka (Field-Tested)
M4A4 | Zirka (Factory New)
M4A4 | X-Ray (Minimal Wear)
M4A4 | X-Ray (Field-Tested)
M4A4 | X-Ray (Factory New)
M4A4 | Tooth Fairy (Well-Worn)
M4A4 | Tooth Fairy (Minimal Wear)
M4A4 | Tooth Fairy (Field-Tested)
M4A4 | Tooth Fairy (Factory New)
M4A4 | Tooth Fairy (Battle-Scarred)
M4A4 | The Emperor (Well-Worn)
M4A4 | The Emperor (Minimal Wear)
M4A4 | The Emperor (Field-Tested)
M4A4 | The Emperor (Factory New)
M4A4 | The Emperor (Battle-Scarred)
M4A4 | The Coalition (Well-Worn)
M4A4 | The Coalition (Minimal Wear)
M4A4 | The Coalition (Field-Tested)
M4A4 | The Coalition (Factory New)
M4A4 | The Coalition (Battle-Scarred)
M4A4 | The Battlestar (Well-Worn)
M4A4 | The Battlestar (Minimal Wear)
M4A4 | The Battlestar (Field-Tested)
M4A4 | The Battlestar (Factory New)
M4A4 | The Battlestar (Battle-Scarred)
M4A4 | Temukau (Well-Worn)
M4A4 | Temukau (Minimal Wear)
M4A4 | Temukau (Field-Tested)
M4A4 | Temukau (Factory New)
M4A4 | Temukau (Battle-Scarred)
M4A4 | Spider Lily (Well-Worn)
M4A4 | Spider Lily (Minimal Wear)
M4A4 | Spider Lily (Field-Tested)
M4A4 | Spider Lily (Factory New)
M4A4 | Spider Lily (Battle-Scarred)
M4A4 | Royal Paladin (Well-Worn)
M4A4 | Royal Paladin (Minimal Wear)
M4A4 | Royal Paladin (Field-Tested)
M4A4 | Royal Paladin (Factory New)
M4A4 | Royal Paladin (Battle-Scarred)
M4A4 | Red DDPAT (Well-Worn)
M4A4 | Red DDPAT (Minimal Wear)
M4A4 | Red DDPAT (Field-Tested)
M4A4 | Red DDPAT (Factory New)
M4A4 | Red DDPAT (Battle-Scarred)
M4A4 | Poseidon (Minimal Wear)
M4A4 | Neo-Noir (Well-Worn)
M4A4 | Neo-Noir (Minimal Wear)
M4A4 | Neo-Noir (Field-Tested)
M4A4 | Neo-Noir (Factory New)
M4A4 | Neo-Noir (Battle-Scarred)
M4A4 | Modern Hunter (Well-Worn)
M4A4 | Modern Hunter (Minimal Wear)
M4A4 | Modern Hunter (Field-Tested)
M4A4 | Modern Hunter (Factory New)
M4A4 | Modern Hunter (Battle-Scarred)
M4A4 | In Living Color (Well-Worn)
M4A4 | In Living Color (Minimal Wear)
M4A4 | In Living Color (Field-Tested)
M4A4 | In Living Color (Factory New)
M4A4 | In Living Color (Battle-Scarred)
M4A4 | Hellfire (Well-Worn)
M4A4 | Hellfire (Minimal Wear)
M4A4 | Hellfire (Field-Tested)
M4A4 | Hellfire (Factory New)
M4A4 | Hellfire (Battle-Scarred)
M4A4 | Griffin (Well-Worn)
M4A4 | Griffin (Minimal Wear)
M4A4 | Griffin (Field-Tested)
M4A4 | Griffin (Factory New)
M4A4 | Griffin (Battle-Scarred)
M4A4 | Eye of Horus (Well-Worn)
M4A4 | Eye of Horus (Minimal Wear)
M4A4 | Eye of Horus (Field-Tested)
M4A4 | Eye of Horus (Battle-Scarred)
M4A4 | Evil Daimyo (Well-Worn)
M4A4 | Evil Daimyo (Minimal Wear)
M4A4 | Evil Daimyo (Field-Tested)
M4A4 | Evil Daimyo (Factory New)
M4A4 | Evil Daimyo (Battle-Scarred)
M4A4 | Desolate Space (Well-Worn)
M4A4 | Desolate Space (Minimal Wear)
M4A4 | Desolate Space (Field-Tested)
M4A4 | Desolate Space (Factory New)
M4A4 | Desolate Space (Battle-Scarred)
M4A4 | Desert-Strike (Well-Worn)
M4A4 | Desert-Strike (Minimal Wear)
M4A4 | Desert-Strike (Field-Tested)
M4A4 | Desert-Strike (Factory New)
M4A4 | Desert-Strike (Battle-Scarred)
M4A4 | Daybreak (Minimal Wear)
M4A4 | Daybreak (Field-Tested)
M4A4 | Daybreak (Factory New)
M4A4 | Daybreak (Battle-Scarred)
M4A4 | Cyber Security (Well-Worn)
M4A4 | Cyber Security (Minimal Wear)
M4A4 | Cyber Security (Field-Tested)
M4A4 | Cyber Security (Factory New)
M4A4 | Cyber Security (Battle-Scarred)
M4A4 | Buzz Kill (Well-Worn)
M4A4 | Buzz Kill (Minimal Wear)
M4A4 | Buzz Kill (Field-Tested)
M4A4 | Buzz Kill (Factory New)
M4A4 | Buzz Kill (Battle-Scarred)
M4A4 | Bullet Rain (Well-Worn)
M4A4 | Bullet Rain (Minimal Wear)
M4A4 | Bullet Rain (Field-Tested)
M4A4 | Bullet Rain (Factory New)
M4A4 | Bullet Rain (Battle-Scarred)
M4A4 | Asiimov (Well-Worn)
M4A4 | Asiimov (Field-Tested)
M4A4 | Asiimov (Battle-Scarred)
M4A1-S | Welcome to the Jungle (Field-Tested)
M4A1-S | Welcome to the Jungle (Battle-Scarred)
M4A1-S | Printstream (Well-Worn)
M4A1-S | Printstream (Minimal Wear)
M4A1-S | Printstream (Field-Tested)
M4A1-S | Printstream (Factory New)
M4A1-S | Printstream (Battle-Scarred)
M4A1-S | Player Two (Well-Worn)
M4A1-S | Player Two (Minimal Wear)
M4A1-S | Player Two (Field-Tested)
M4A1-S | Player Two (Factory New)
M4A1-S | Player Two (Battle-Scarred)
M4A1-S | Nitro (Well-Worn)
M4A1-S | Nitro (Minimal Wear)
M4A1-S | Nitro (Field-Tested)
M4A1-S | Nitro (Factory New)
M4A1-S | Nitro (Battle-Scarred)
M4A1-S | Nightmare (Well-Worn)
M4A1-S | Nightmare (Minimal Wear)
M4A1-S | Nightmare (Field-Tested)
M4A1-S | Nightmare (Factory New)
M4A1-S | Nightmare (Battle-Scarred)
M4A1-S | Night Terror (Well-Worn)
M4A1-S | Night Terror (Minimal Wear)
M4A1-S | Night Terror (Field-Tested)
M4A1-S | Night Terror (Factory New)
M4A1-S | Night Terror (Battle-Scarred)
M4A1-S | Mecha Industries (Well-Worn)
M4A1-S | Mecha Industries (Minimal Wear)
M4A1-S | Mecha Industries (Field-Tested)
M4A1-S | Mecha Industries (Factory New)
M4A1-S | Mecha Industries (Battle-Scarred)
M4A1-S | Master Piece (Well-Worn)
M4A1-S | Master Piece (Minimal Wear)
M4A1-S | Master Piece (Field-Tested)
M4A1-S | Master Piece (Factory New)
M4A1-S | Master Piece (Battle-Scarred)
M4A1-S | Leaded Glass (Well-Worn)
M4A1-S | Leaded Glass (Minimal Wear)
M4A1-S | Leaded Glass (Field-Tested)
M4A1-S | Leaded Glass (Factory New)
M4A1-S | Leaded Glass (Battle-Scarred)
M4A1-S | Imminent Danger (Field-Tested)
M4A1-S | Imminent Danger (Battle-Scarred)
M4A1-S | Icarus Fell (Minimal Wear)
M4A1-S | Icarus Fell (Factory New)
M4A1-S | Hyper Beast (Well-Worn)
M4A1-S | Hyper Beast (Minimal Wear)
M4A1-S | Hyper Beast (Field-Tested)
M4A1-S | Hyper Beast (Factory New)
M4A1-S | Hyper Beast (Battle-Scarred)
M4A1-S | Hot Rod (Minimal Wear)
M4A1-S | Hot Rod (Factory New)
M4A1-S | Guardian (Well-Worn)
M4A1-S | Guardian (Minimal Wear)
M4A1-S | Guardian (Field-Tested)
M4A1-S | Guardian (Factory New)
M4A1-S | Guardian (Battle-Scarred)
M4A1-S | Golden Coil (Well-Worn)
M4A1-S | Golden Coil (Minimal Wear)
M4A1-S | Golden Coil (Field-Tested)
M4A1-S | Golden Coil (Factory New)
M4A1-S | Golden Coil (Battle-Scarred)
M4A1-S | Flashback (Well-Worn)
M4A1-S | Flashback (Minimal Wear)
M4A1-S | Flashback (Field-Tested)
M4A1-S | Flashback (Factory New)
M4A1-S | Flashback (Battle-Scarred)
M4A1-S | Emphorosaur-S (Well-Worn)
M4A1-S | Emphorosaur-S (Minimal Wear)
M4A1-S | Emphorosaur-S (Field-Tested)
M4A1-S | Emphorosaur-S (Factory New)
M4A1-S | Emphorosaur-S (Battle-Scarred)
M4A1-S | Decimator (Well-Worn)
M4A1-S | Decimator (Minimal Wear)
M4A1-S | Decimator (Field-Tested)
M4A1-S | Decimator (Factory New)
M4A1-S | Decimator (Battle-Scarred)
M4A1-S | Dark Water (Minimal Wear)
M4A1-S | Dark Water (Field-Tested)
M4A1-S | Cyrex (Well-Worn)
M4A1-S | Cyrex (Minimal Wear)
M4A1-S | Cyrex (Field-Tested)
M4A1-S | Cyrex (Factory New)
M4A1-S | Cyrex (Battle-Scarred)
M4A1-S | Control Panel (Well-Worn)
M4A1-S | Control Panel (Minimal Wear)
M4A1-S | Control Panel (Field-Tested)
M4A1-S | Control Panel (Factory New)
M4A1-S | Control Panel (Battle-Scarred)
M4A1-S | Chantico's Fire (Well-Worn)
M4A1-S | Chantico's Fire (Minimal Wear)
M4A1-S | Chantico's Fire (Field-Tested)
M4A1-S | Chantico's Fire (Factory New)
M4A1-S | Chantico's Fire (Battle-Scarred)
M4A1-S | Bright Water (Minimal Wear)
M4A1-S | Bright Water (Field-Tested)
M4A1-S | Blue Phosphor (Minimal Wear)
M4A1-S | Blue Phosphor (Factory New)
M4A1-S | Basilisk (Well-Worn)
M4A1-S | Basilisk (Minimal Wear)
M4A1-S | Basilisk (Field-Tested)
M4A1-S | Basilisk (Factory New)
M4A1-S | Basilisk (Battle-Scarred)
M4A1-S | Atomic Alloy (Well-Worn)
M4A1-S | Atomic Alloy (Minimal Wear)
M4A1-S | Atomic Alloy (Field-Tested)
M4A1-S | Atomic Alloy (Factory New)
M4A1-S | Atomic Alloy (Battle-Scarred)
M249 | Nebula Crusader (Well-Worn)
M249 | Nebula Crusader (Minimal Wear)
M249 | Nebula Crusader (Field-Tested)
M249 | Nebula Crusader (Factory New)
M249 | Nebula Crusader (Battle-Scarred)
M249 | Emerald Poison Dart (Well-Worn)
M249 | Emerald Poison Dart (Minimal Wear)
M249 | Emerald Poison Dart (Field-Tested)
M249 | Emerald Poison Dart (Factory New)
M249 | Downtown (Well-Worn)
M249 | Downtown (Minimal Wear)
M249 | Downtown (Field-Tested)
M249 | Downtown (Factory New)
M249 | Downtown (Battle-Scarred)
M249 | Aztec (Well-Worn)
M249 | Aztec (Minimal Wear)
M249 | Aztec (Field-Tested)
M249 | Aztec (Factory New)
M249 | Aztec (Battle-Scarred)
Glock-18 | Weasel (Well-Worn)
Glock-18 | Weasel (Minimal Wear)
Glock-18 | Weasel (Field-Tested)
Glock-18 | Weasel (Factory New)
Glock-18 | Weasel (Battle-Scarred)
Glock-18 | Water Elemental (Well-Worn)
Glock-18 | Water Elemental (Minimal Wear)
Glock-18 | Water Elemental (Field-Tested)
Glock-18 | Water Elemental (Factory New)
Glock-18 | Water Elemental (Battle-Scarred)
Glock-18 | Wasteland Rebel (Well-Worn)
Glock-18 | Wasteland Rebel (Minimal Wear)
Glock-18 | Wasteland Rebel (Field-Tested)
Glock-18 | Wasteland Rebel (Factory New)
Glock-18 | Wasteland Rebel (Battle-Scarred)
Glock-18 | Vogue (Well-Worn)
Glock-18 | Vogue (Minimal Wear)
Glock-18 | Vogue (Field-Tested)
Glock-18 | Vogue (Factory New)
Glock-18 | Vogue (Battle-Scarred)
Glock-18 | Umbral Rabbit (Well-Worn)
Glock-18 | Umbral Rabbit (Minimal Wear)
Glock-18 | Umbral Rabbit (Field-Tested)
Glock-18 | Umbral Rabbit (Factory New)
Glock-18 | Umbral Rabbit (Battle-Scarred)
Glock-18 | Twilight Galaxy (Minimal Wear)
Glock-18 | Twilight Galaxy (Field-Tested)
Glock-18 | Twilight Galaxy (Factory New)
Glock-18 | Synth Leaf (Minimal Wear)
Glock-18 | Synth Leaf (Field-Tested)
Glock-18 | Synth Leaf (Factory New)
Glock-18 | Synth Leaf (Battle-Scarred)
Glock-18 | Steel Disruption (Minimal Wear)
Glock-18 | Steel Disruption (Field-Tested)
Glock-18 | Steel Disruption (Factory New)
Glock-18 | Snack Attack (Well-Worn)
Glock-18 | Snack Attack (Minimal Wear)
Glock-18 | Snack Attack (Field-Tested)
Glock-18 | Snack Attack (Factory New)
Glock-18 | Snack Attack (Battle-Scarred)
Glock-18 | Royal Legion (Well-Worn)
Glock-18 | Royal Legion (Minimal Wear)
Glock-18 | Royal Legion (Field-Tested)
Glock-18 | Royal Legion (Factory New)
Glock-18 | Royal Legion (Battle-Scarred)
Glock-18 | Ramese's Reach (Well-Worn)
Glock-18 | Ramese's Reach (Minimal Wear)
Glock-18 | Ramese's Reach (Field-Tested)
Glock-18 | Ramese's Reach (Factory New)
Glock-18 | Ramese's Reach (Battle-Scarred)
Glock-18 | Pink DDPAT (Well-Worn)
Glock-18 | Pink DDPAT (Minimal Wear)
Glock-18 | Pink DDPAT (Field-Tested)
Glock-18 | Pink DDPAT (Factory New)
Glock-18 | Pink DDPAT (Battle-Scarred)
Glock-18 | Nuclear Garden (Well-Worn)
Glock-18 | Nuclear Garden (Minimal Wear)
Glock-18 | Nuclear Garden (Field-Tested)
Glock-18 | Nuclear Garden (Factory New)
Glock-18 | Nuclear Garden (Battle-Scarred)
Glock-18 | Neo-Noir (Well-Worn)
Glock-18 | Neo-Noir (Minimal Wear)
Glock-18 | Neo-Noir (Field-Tested)
Glock-18 | Neo-Noir (Factory New)
Glock-18 | Neo-Noir (Battle-Scarred)
Glock-18 | Moonrise (Well-Worn)
Glock-18 | Moonrise (Minimal Wear)
Glock-18 | Moonrise (Field-Tested)
Glock-18 | Moonrise (Factory New)
Glock-18 | Moonrise (Battle-Scarred)
Glock-18 | Grinder (Minimal Wear)
Glock-18 | Grinder (Field-Tested)
Glock-18 | Grinder (Factory New)
Glock-18 | Gamma Doppler (Well-Worn)
Glock-18 | Gamma Doppler (Minimal Wear)
Glock-18 | Gamma Doppler (Field-Tested)
Glock-18 | Gamma Doppler (Factory New)
Glock-18 | Gamma Doppler (Battle-Scarred)
Glock-18 | Franklin (Well-Worn)
Glock-18 | Franklin (Minimal Wear)
Glock-18 | Franklin (Field-Tested)
Glock-18 | Franklin (Factory New)
Glock-18 | Dragon Tattoo (Minimal Wear)
Glock-18 | Dragon Tattoo (Factory New)
Glock-18 | Bullet Queen (Well-Worn)
Glock-18 | Bullet Queen (Minimal Wear)
Glock-18 | Bullet Queen (Field-Tested)
Glock-18 | Bullet Queen (Factory New)
Glock-18 | Bullet Queen (Battle-Scarred)
Glock-18 | Brass (Well-Worn)
Glock-18 | Brass (Minimal Wear)
Glock-18 | Brass (Field-Tested)
Glock-18 | Brass (Factory New)
Glock-18 | Brass (Battle-Scarred)
Galil AR | Sugar Rush (Well-Worn)
Galil AR | Sugar Rush (Minimal Wear)
Galil AR | Sugar Rush (Field-Tested)
Galil AR | Sugar Rush (Factory New)
Galil AR | Sugar Rush (Battle-Scarred)
Galil AR | Stone Cold (Well-Worn)
Galil AR | Stone Cold (Minimal Wear)
Galil AR | Stone Cold (Field-Tested)
Galil AR | Stone Cold (Factory New)
Galil AR | Stone Cold (Battle-Scarred)
Galil AR | Signal (Well-Worn)
Galil AR | Signal (Minimal Wear)
Galil AR | Signal (Field-Tested)
Galil AR | Signal (Factory New)
Galil AR | Signal (Battle-Scarred)
Galil AR | Phoenix Blacklight (Well-Worn)
Galil AR | Phoenix Blacklight (Minimal Wear)
Galil AR | Phoenix Blacklight (Field-Tested)
Galil AR | Phoenix Blacklight (Factory New)
Galil AR | Phoenix Blacklight (Battle-Scarred)
Galil AR | Orange DDPAT (Well-Worn)
Galil AR | Orange DDPAT (Minimal Wear)
Galil AR | Orange DDPAT (Field-Tested)
Galil AR | Orange DDPAT (Factory New)
Galil AR | Orange DDPAT (Battle-Scarred)
Galil AR | Firefight (Well-Worn)
Galil AR | Firefight (Minimal Wear)
Galil AR | Firefight (Field-Tested)
Galil AR | Firefight (Factory New)
Galil AR | Firefight (Battle-Scarred)
Galil AR | Eco (Well-Worn)
Galil AR | Eco (Minimal Wear)
Galil AR | Eco (Field-Tested)
Galil AR | Eco (Battle-Scarred)
Galil AR | Crimson Tsunami (Well-Worn)
Galil AR | Crimson Tsunami (Minimal Wear)
Galil AR | Crimson Tsunami (Field-Tested)
Galil AR | Crimson Tsunami (Factory New)
Galil AR | Crimson Tsunami (Battle-Scarred)
Galil AR | Connexion (Well-Worn)
Galil AR | Connexion (Minimal Wear)
Galil AR | Connexion (Field-Tested)
Galil AR | Connexion (Factory New)
Galil AR | Connexion (Battle-Scarred)
Galil AR | Chromatic Aberration (Well-Worn)
Galil AR | Chromatic Aberration (Minimal Wear)
Galil AR | Chromatic Aberration (Field-Tested)
Galil AR | Chromatic Aberration (Factory New)
Galil AR | Chromatic Aberration (Battle-Scarred)
Galil AR | Chatterbox (Well-Worn)
Galil AR | Chatterbox (Field-Tested)
Galil AR | Chatterbox (Battle-Scarred)
Galil AR | Cerberus (Well-Worn)
Galil AR | Cerberus (Minimal Wear)
Galil AR | Cerberus (Field-Tested)
Galil AR | Cerberus (Factory New)
Galil AR | Cerberus (Battle-Scarred)
Galil AR | CAUTION! (Well-Worn)
Galil AR | CAUTION! (Minimal Wear)
Galil AR | CAUTION! (Field-Tested)
Galil AR | CAUTION! (Factory New)
Galil AR | CAUTION! (Battle-Scarred)
G3SG1 | The Executioner (Well-Worn)
G3SG1 | The Executioner (Minimal Wear)
G3SG1 | The Executioner (Field-Tested)
G3SG1 | The Executioner (Battle-Scarred)
G3SG1 | Stinger (Well-Worn)
G3SG1 | Stinger (Minimal Wear)
G3SG1 | Stinger (Field-Tested)
G3SG1 | Stinger (Factory New)
G3SG1 | Stinger (Battle-Scarred)
G3SG1 | Scavenger (Well-Worn)
G3SG1 | Scavenger (Minimal Wear)
G3SG1 | Scavenger (Field-Tested)
G3SG1 | Scavenger (Factory New)
G3SG1 | Scavenger (Battle-Scarred)
G3SG1 | High Seas (Well-Worn)
G3SG1 | High Seas (Minimal Wear)
G3SG1 | High Seas (Field-Tested)
G3SG1 | High Seas (Factory New)
G3SG1 | High Seas (Battle-Scarred)
G3SG1 | Flux (Well-Worn)
G3SG1 | Flux (Minimal Wear)
G3SG1 | Flux (Field-Tested)
G3SG1 | Flux (Factory New)
G3SG1 | Flux (Battle-Scarred)
G3SG1 | Dream Glade (Well-Worn)
G3SG1 | Dream Glade (Minimal Wear)
G3SG1 | Dream Glade (Field-Tested)
G3SG1 | Dream Glade (Factory New)
G3SG1 | Dream Glade (Battle-Scarred)
G3SG1 | Chronos (Well-Worn)
G3SG1 | Chronos (Minimal Wear)
G3SG1 | Chronos (Field-Tested)
G3SG1 | Chronos (Factory New)
Five-SeveN | Triumvirate (Well-Worn)
Five-SeveN | Triumvirate (Minimal Wear)
Five-SeveN | Triumvirate (Field-Tested)
Five-SeveN | Triumvirate (Factory New)
Five-SeveN | Triumvirate (Battle-Scarred)
Five-SeveN | Retrobution (Well-Worn)
Five-SeveN | Retrobution (Minimal Wear)
Five-SeveN | Retrobution (Field-Tested)
Five-SeveN | Retrobution (Factory New)
Five-SeveN | Retrobution (Battle-Scarred)
Five-SeveN | Neon Kimono (Well-Worn)
Five-SeveN | Neon Kimono (Minimal Wear)
Five-SeveN | Neon Kimono (Field-Tested)
Five-SeveN | Neon Kimono (Factory New)
Five-SeveN | Neon Kimono (Battle-Scarred)
Five-SeveN | Monkey Business (Well-Worn)
Five-SeveN | Monkey Business (Minimal Wear)
Five-SeveN | Monkey Business (Field-Tested)
Five-SeveN | Monkey Business (Battle-Scarred)
Five-SeveN | Hyper Beast (Well-Worn)
Five-SeveN | Hyper Beast (Minimal Wear)
Five-SeveN | Hyper Beast (Field-Tested)
Five-SeveN | Hyper Beast (Factory New)
Five-SeveN | Hyper Beast (Battle-Scarred)
Five-SeveN | Fowl Play (Well-Worn)
Five-SeveN | Fowl Play (Minimal Wear)
Five-SeveN | Fowl Play (Field-Tested)
Five-SeveN | Fowl Play (Factory New)
Five-SeveN | Fowl Play (Battle-Scarred)
Five-SeveN | Fall Hazard (Minimal Wear)
Five-SeveN | Fall Hazard (Field-Tested)
Five-SeveN | Fall Hazard (Factory New)
Five-SeveN | Fall Hazard (Battle-Scarred)
Five-SeveN | Fairy Tale (Well-Worn)
Five-SeveN | Fairy Tale (Minimal Wear)
Five-SeveN | Fairy Tale (Field-Tested)
Five-SeveN | Fairy Tale (Factory New)
Five-SeveN | Fairy Tale (Battle-Scarred)
Five-SeveN | Copper Galaxy (Minimal Wear)
Five-SeveN | Copper Galaxy (Field-Tested)
Five-SeveN | Copper Galaxy (Factory New)
Five-SeveN | Case Hardened (Well-Worn)
Five-SeveN | Case Hardened (Minimal Wear)
Five-SeveN | Case Hardened (Field-Tested)
Five-SeveN | Case Hardened (Factory New)
Five-SeveN | Case Hardened (Battle-Scarred)
Five-SeveN | Buddy (Well-Worn)
Five-SeveN | Buddy (Minimal Wear)
Five-SeveN | Buddy (Field-Tested)
Five-SeveN | Buddy (Factory New)
Five-SeveN | Buddy (Battle-Scarred)
Five-SeveN | Boost Protocol (Well-Worn)
Five-SeveN | Boost Protocol (Minimal Wear)
Five-SeveN | Boost Protocol (Field-Tested)
Five-SeveN | Boost Protocol (Factory New)
Five-SeveN | Berries And Cherries (Minimal Wear)
Five-SeveN | Berries And Cherries (Factory New)
Five-SeveN | Angry Mob (Well-Worn)
Five-SeveN | Angry Mob (Minimal Wear)
Five-SeveN | Angry Mob (Field-Tested)
Five-SeveN | Angry Mob (Factory New)
Five-SeveN | Angry Mob (Battle-Scarred)
FAMAS | ZX Spectron (Well-Worn)
FAMAS | ZX Spectron (Minimal Wear)
FAMAS | ZX Spectron (Field-Tested)
FAMAS | ZX Spectron (Factory New)
FAMAS | ZX Spectron (Battle-Scarred)
FAMAS | Waters of Nephthys (Well-Worn)
FAMAS | Waters of Nephthys (Minimal Wear)
FAMAS | Waters of Nephthys (Field-Tested)
FAMAS | Waters of Nephthys (Factory New)
FAMAS | Waters of Nephthys (Battle-Scarred)
FAMAS | Valence (Well-Worn)
FAMAS | Valence (Minimal Wear)
FAMAS | Valence (Field-Tested)
FAMAS | Valence (Factory New)
FAMAS | Valence (Battle-Scarred)
FAMAS | Styx (Well-Worn)
FAMAS | Styx (Minimal Wear)
FAMAS | Styx (Field-Tested)
FAMAS | Styx (Factory New)
FAMAS | Styx (Battle-Scarred)
FAMAS | Spitfire (Well-Worn)
FAMAS | Spitfire (Minimal Wear)
FAMAS | Spitfire (Field-Tested)
FAMAS | Spitfire (Factory New)
FAMAS | Spitfire (Battle-Scarred)
FAMAS | Sergeant (Well-Worn)
FAMAS | Sergeant (Minimal Wear)
FAMAS | Sergeant (Field-Tested)
FAMAS | Sergeant (Battle-Scarred)
FAMAS | Roll Cage (Well-Worn)
FAMAS | Roll Cage (Minimal Wear)
FAMAS | Roll Cage (Field-Tested)
FAMAS | Roll Cage (Factory New)
FAMAS | Roll Cage (Battle-Scarred)
FAMAS | Rapid Eye Movement (Well-Worn)
FAMAS | Rapid Eye Movement (Minimal Wear)
FAMAS | Rapid Eye Movement (Field-Tested)
FAMAS | Rapid Eye Movement (Factory New)
FAMAS | Rapid Eye Movement (Battle-Scarred)
FAMAS | Pulse (Well-Worn)
FAMAS | Pulse (Minimal Wear)
FAMAS | Pulse (Field-Tested)
FAMAS | Pulse (Factory New)
FAMAS | Prime Conspiracy (Well-Worn)
FAMAS | Prime Conspiracy (Minimal Wear)
FAMAS | Prime Conspiracy (Field-Tested)
FAMAS | Prime Conspiracy (Factory New)
FAMAS | Prime Conspiracy (Battle-Scarred)
FAMAS | Neural Net (Well-Worn)
FAMAS | Neural Net (Minimal Wear)
FAMAS | Neural Net (Field-Tested)
FAMAS | Neural Net (Factory New)
FAMAS | Neural Net (Battle-Scarred)
FAMAS | Meltdown (Well-Worn)
FAMAS | Meltdown (Minimal Wear)
FAMAS | Meltdown (Field-Tested)
FAMAS | Meltdown (Factory New)
FAMAS | Mecha Industries (Well-Worn)
FAMAS | Mecha Industries (Minimal Wear)
FAMAS | Mecha Industries (Field-Tested)
FAMAS | Mecha Industries (Factory New)
FAMAS | Mecha Industries (Battle-Scarred)
FAMAS | Eye of Athena (Well-Worn)
FAMAS | Eye of Athena (Minimal Wear)
FAMAS | Eye of Athena (Field-Tested)
FAMAS | Eye of Athena (Factory New)
FAMAS | Eye of Athena (Battle-Scarred)
FAMAS | Djinn (Well-Worn)
FAMAS | Djinn (Minimal Wear)
FAMAS | Djinn (Field-Tested)
FAMAS | Djinn (Factory New)
FAMAS | Djinn (Battle-Scarred)
FAMAS | Commemoration (Well-Worn)
FAMAS | Commemoration (Minimal Wear)
FAMAS | Commemoration (Field-Tested)
FAMAS | Commemoration (Factory New)
FAMAS | Commemoration (Battle-Scarred)
FAMAS | Afterimage (Well-Worn)
FAMAS | Afterimage (Minimal Wear)
FAMAS | Afterimage (Field-Tested)
FAMAS | Afterimage (Factory New)
Dual Berettas | Urban Shock (Well-Worn)
Dual Berettas | Urban Shock (Minimal Wear)
Dual Berettas | Urban Shock (Field-Tested)
Dual Berettas | Urban Shock (Factory New)
Dual Berettas | Urban Shock (Battle-Scarred)
Dual Berettas | Twin Turbo (Well-Worn)
Dual Berettas | Twin Turbo (Minimal Wear)
Dual Berettas | Twin Turbo (Field-Tested)
Dual Berettas | Twin Turbo (Factory New)
Dual Berettas | Twin Turbo (Battle-Scarred)
Dual Berettas | Royal Consorts (Well-Worn)
Dual Berettas | Royal Consorts (Minimal Wear)
Dual Berettas | Royal Consorts (Field-Tested)
Dual Berettas | Royal Consorts (Factory New)
Dual Berettas | Royal Consorts (Battle-Scarred)
Dual Berettas | Melondrama (Well-Worn)
Dual Berettas | Melondrama (Minimal Wear)
Dual Berettas | Melondrama (Field-Tested)
Dual Berettas | Melondrama (Factory New)
Dual Berettas | Melondrama (Battle-Scarred)
Dual Berettas | Marina (Well-Worn)
Dual Berettas | Marina (Minimal Wear)
Dual Berettas | Marina (Field-Tested)
Dual Berettas | Marina (Factory New)
Dual Berettas | Marina (Battle-Scarred)
Dual Berettas | Hemoglobin (Minimal Wear)
Dual Berettas | Hemoglobin (Field-Tested)
Dual Berettas | Hemoglobin (Factory New)
Dual Berettas | Flora Carnivora (Well-Worn)
Dual Berettas | Flora Carnivora (Minimal Wear)
Dual Berettas | Flora Carnivora (Field-Tested)
Dual Berettas | Flora Carnivora (Factory New)
Dual Berettas | Flora Carnivora (Battle-Scarred)
Dual Berettas | Duelist (Well-Worn)
Dual Berettas | Duelist (Minimal Wear)
Dual Berettas | Duelist (Field-Tested)
Dual Berettas | Duelist (Factory New)
Dual Berettas | Duelist (Battle-Scarred)
Dual Berettas | Dezastre (Well-Worn)
Dual Berettas | Dezastre (Minimal Wear)
Dual Berettas | Dezastre (Field-Tested)
Dual Berettas | Dezastre (Factory New)
Dual Berettas | Dezastre (Battle-Scarred)
Dual Berettas | Demolition (Well-Worn)
Dual Berettas | Demolition (Field-Tested)
Dual Berettas | Demolition (Battle-Scarred)
Dual Berettas | Cobra Strike (Well-Worn)
Dual Berettas | Cobra Strike (Minimal Wear)
Dual Berettas | Cobra Strike (Field-Tested)
Dual Berettas | Cobra Strike (Factory New)
Dual Berettas | Cobra Strike (Battle-Scarred)
Dual Berettas | Cobalt Quartz (Well-Worn)
Dual Berettas | Cobalt Quartz (Minimal Wear)
Dual Berettas | Cobalt Quartz (Field-Tested)
Dual Berettas | Cobalt Quartz (Factory New)
Desert Eagle | Trigger Discipline (Well-Worn)
Desert Eagle | Trigger Discipline (Minimal Wear)
Desert Eagle | Trigger Discipline (Field-Tested)
Desert Eagle | Trigger Discipline (Factory New)
Desert Eagle | Trigger Discipline (Battle-Scarred)
Desert Eagle | Sunset Storm 弐 (Well-Worn)
Desert Eagle | Sunset Storm 弐 (Minimal Wear)
Desert Eagle | Sunset Storm 弐 (Field-Tested)
Desert Eagle | Sunset Storm 弐 (Factory New)
Desert Eagle | Sunset Storm 弐 (Battle-Scarred)
Desert Eagle | Sunset Storm 壱 (Well-Worn)
Desert Eagle | Sunset Storm 壱 (Minimal Wear)
Desert Eagle | Sunset Storm 壱 (Field-Tested)
Desert Eagle | Sunset Storm 壱 (Factory New)
Desert Eagle | Sunset Storm 壱 (Battle-Scarred)
Desert Eagle | Printstream (Well-Worn)
Desert Eagle | Printstream (Minimal Wear)
Desert Eagle | Printstream (Field-Tested)
Desert Eagle | Printstream (Factory New)
Desert Eagle | Printstream (Battle-Scarred)
Desert Eagle | Pilot (Well-Worn)
Desert Eagle | Pilot (Minimal Wear)
Desert Eagle | Pilot (Field-Tested)
Desert Eagle | Pilot (Factory New)
Desert Eagle | Pilot (Battle-Scarred)
Desert Eagle | Ocean Drive (Well-Worn)
Desert Eagle | Ocean Drive (Minimal Wear)
Desert Eagle | Ocean Drive (Field-Tested)
Desert Eagle | Ocean Drive (Factory New)
Desert Eagle | Ocean Drive (Battle-Scarred)
Desert Eagle | Naga (Well-Worn)
Desert Eagle | Naga (Minimal Wear)
Desert Eagle | Naga (Field-Tested)
Desert Eagle | Naga (Factory New)
Desert Eagle | Naga (Battle-Scarred)
Desert Eagle | Mecha Industries (Well-Worn)
Desert Eagle | Mecha Industries (Minimal Wear)
Desert Eagle | Mecha Industries (Field-Tested)
Desert Eagle | Mecha Industries (Factory New)
Desert Eagle | Mecha Industries (Battle-Scarred)
Desert Eagle | Light Rail (Well-Worn)
Desert Eagle | Light Rail (Minimal Wear)
Desert Eagle | Light Rail (Field-Tested)
Desert Eagle | Light Rail (Factory New)
Desert Eagle | Light Rail (Battle-Scarred)
Desert Eagle | Kumicho Dragon (Well-Worn)
Desert Eagle | Kumicho Dragon (Minimal Wear)
Desert Eagle | Kumicho Dragon (Field-Tested)
Desert Eagle | Kumicho Dragon (Factory New)
Desert Eagle | Kumicho Dragon (Battle-Scarred)
Desert Eagle | Hypnotic (Minimal Wear)
Desert Eagle | Hypnotic (Factory New)
Desert Eagle | Heirloom (Well-Worn)
Desert Eagle | Heirloom (Minimal Wear)
Desert Eagle | Heirloom (Field-Tested)
Desert Eagle | Heirloom (Factory New)
Desert Eagle | Heirloom (Battle-Scarred)
Desert Eagle | Hand Cannon (Well-Worn)
Desert Eagle | Hand Cannon (Minimal Wear)
Desert Eagle | Hand Cannon (Field-Tested)
Desert Eagle | Hand Cannon (Factory New)
Desert Eagle | Hand Cannon (Battle-Scarred)
Desert Eagle | Golden Koi (Minimal Wear)
Desert Eagle | Golden Koi (Factory New)
Desert Eagle | Fennec Fox (Well-Worn)
Desert Eagle | Fennec Fox (Minimal Wear)
Desert Eagle | Fennec Fox (Field-Tested)
Desert Eagle | Fennec Fox (Factory New)
Desert Eagle | Fennec Fox (Battle-Scarred)
Desert Eagle | Emerald Jörmungandr (Well-Worn)
Desert Eagle | Emerald Jörmungandr (Minimal Wear)
Desert Eagle | Emerald Jörmungandr (Field-Tested)
Desert Eagle | Emerald Jörmungandr (Factory New)
Desert Eagle | Directive (Well-Worn)
Desert Eagle | Directive (Minimal Wear)
Desert Eagle | Directive (Field-Tested)
Desert Eagle | Directive (Factory New)
Desert Eagle | Directive (Battle-Scarred)
Desert Eagle | Crimson Web (Well-Worn)
Desert Eagle | Crimson Web (Minimal Wear)
Desert Eagle | Crimson Web (Field-Tested)
Desert Eagle | Crimson Web (Factory New)
Desert Eagle | Crimson Web (Battle-Scarred)
Desert Eagle | Conspiracy (Minimal Wear)
Desert Eagle | Conspiracy (Field-Tested)
Desert Eagle | Conspiracy (Factory New)
Desert Eagle | Code Red (Well-Worn)
Desert Eagle | Code Red (Minimal Wear)
Desert Eagle | Code Red (Field-Tested)
Desert Eagle | Code Red (Factory New)
Desert Eagle | Code Red (Battle-Scarred)
Desert Eagle | Cobalt Disruption (Minimal Wear)
Desert Eagle | Cobalt Disruption (Field-Tested)
Desert Eagle | Cobalt Disruption (Factory New)
Desert Eagle | Blaze (Minimal Wear)
Desert Eagle | Blaze (Factory New)
CZ75-Auto | Yellow Jacket (Well-Worn)
CZ75-Auto | Yellow Jacket (Minimal Wear)
CZ75-Auto | Yellow Jacket (Field-Tested)
CZ75-Auto | Yellow Jacket (Factory New)
CZ75-Auto | Yellow Jacket (Battle-Scarred)
CZ75-Auto | Xiangliu (Well-Worn)
CZ75-Auto | Xiangliu (Minimal Wear)
CZ75-Auto | Xiangliu (Field-Tested)
CZ75-Auto | Xiangliu (Factory New)
CZ75-Auto | Xiangliu (Battle-Scarred)
CZ75-Auto | Victoria (Well-Worn)
CZ75-Auto | Victoria (Minimal Wear)
CZ75-Auto | Victoria (Field-Tested)
CZ75-Auto | Victoria (Factory New)
CZ75-Auto | Victoria (Battle-Scarred)
CZ75-Auto | Tread Plate (Minimal Wear)
CZ75-Auto | Tread Plate (Field-Tested)
CZ75-Auto | Tread Plate (Factory New)
CZ75-Auto | Tigris (Well-Worn)
CZ75-Auto | Tigris (Minimal Wear)
CZ75-Auto | Tigris (Field-Tested)
CZ75-Auto | Tigris (Factory New)
CZ75-Auto | Tigris (Battle-Scarred)
CZ75-Auto | The Fuschia Is Now (Well-Worn)
CZ75-Auto | The Fuschia Is Now (Minimal Wear)
CZ75-Auto | The Fuschia Is Now (Field-Tested)
CZ75-Auto | The Fuschia Is Now (Factory New)
CZ75-Auto | Tacticat (Well-Worn)
CZ75-Auto | Tacticat (Minimal Wear)
CZ75-Auto | Tacticat (Field-Tested)
CZ75-Auto | Tacticat (Factory New)
CZ75-Auto | Tacticat (Battle-Scarred)
CZ75-Auto | Syndicate (Well-Worn)
CZ75-Auto | Syndicate (Minimal Wear)
CZ75-Auto | Syndicate (Field-Tested)
CZ75-Auto | Syndicate (Factory New)
CZ75-Auto | Syndicate (Battle-Scarred)
CZ75-Auto | Red Astor (Well-Worn)
CZ75-Auto | Red Astor (Minimal Wear)
CZ75-Auto | Red Astor (Field-Tested)
CZ75-Auto | Red Astor (Factory New)
CZ75-Auto | Red Astor (Battle-Scarred)
CZ75-Auto | Pole Position (Well-Worn)
CZ75-Auto | Pole Position (Minimal Wear)
CZ75-Auto | Pole Position (Field-Tested)
CZ75-Auto | Pole Position (Factory New)
CZ75-Auto | Pole Position (Battle-Scarred)
CZ75-Auto | Eco (Well-Worn)
CZ75-Auto | Eco (Minimal Wear)
CZ75-Auto | Eco (Field-Tested)
CZ75-Auto | Eco (Factory New)
CZ75-Auto | Eco (Battle-Scarred)
CZ75-Auto | Chalice (Minimal Wear)
CZ75-Auto | Chalice (Factory New)
AWP | Worm God (Well-Worn)
AWP | Worm God (Minimal Wear)
AWP | Worm God (Field-Tested)
AWP | Worm God (Factory New)
AWP | Wildfire (Well-Worn)
AWP | Wildfire (Minimal Wear)
AWP | Wildfire (Field-Tested)
AWP | Wildfire (Factory New)
AWP | Wildfire (Battle-Scarred)
AWP | Silk Tiger (Minimal Wear)
AWP | Silk Tiger (Field-Tested)
AWP | Silk Tiger (Factory New)
AWP | Silk Tiger (Battle-Scarred)
AWP | Redline (Well-Worn)
AWP | Redline (Minimal Wear)
AWP | Redline (Field-Tested)
AWP | POP AWP (Well-Worn)
AWP | POP AWP (Minimal Wear)
AWP | POP AWP (Field-Tested)
AWP | POP AWP (Factory New)
AWP | Pit Viper (Well-Worn)
AWP | Pit Viper (Minimal Wear)
AWP | Pit Viper (Field-Tested)
AWP | Pit Viper (Battle-Scarred)
AWP | Pink DDPAT (Well-Worn)
AWP | Pink DDPAT (Minimal Wear)
AWP | Pink DDPAT (Field-Tested)
AWP | Pink DDPAT (Factory New)
AWP | Pink DDPAT (Battle-Scarred)
AWP | Phobos (Well-Worn)
AWP | Phobos (Minimal Wear)
AWP | Phobos (Field-Tested)
AWP | Phobos (Factory New)
AWP | PAW (Well-Worn)
AWP | PAW (Minimal Wear)
AWP | PAW (Field-Tested)
AWP | PAW (Factory New)
AWP | PAW (Battle-Scarred)
AWP | Oni Taiji (Well-Worn)
AWP | Oni Taiji (Minimal Wear)
AWP | Oni Taiji (Field-Tested)
AWP | Oni Taiji (Factory New)
AWP | Oni Taiji (Battle-Scarred)
AWP | Neo-Noir (Well-Worn)
AWP | Neo-Noir (Minimal Wear)
AWP | Neo-Noir (Field-Tested)
AWP | Neo-Noir (Factory New)
AWP | Neo-Noir (Battle-Scarred)
AWP | Mortis (Well-Worn)
AWP | Mortis (Minimal Wear)
AWP | Mortis (Field-Tested)
AWP | Mortis (Factory New)
AWP | Mortis (Battle-Scarred)
AWP | Man-o'-war (Minimal Wear)
AWP | Man-o'-war (Field-Tested)
AWP | Lightning Strike (Minimal Wear)
AWP | Lightning Strike (Factory New)
AWP | Hyper Beast (Well-Worn)
AWP | Hyper Beast (Minimal Wear)
AWP | Hyper Beast (Field-Tested)
AWP | Hyper Beast (Factory New)
AWP | Hyper Beast (Battle-Scarred)
AWP | Graphite (Minimal Wear)
AWP | Graphite (Factory New)
AWP | Fever Dream (Well-Worn)
AWP | Fever Dream (Minimal Wear)
AWP | Fever Dream (Field-Tested)
AWP | Fever Dream (Factory New)
AWP | Fever Dream (Battle-Scarred)
AWP | Fade (Factory New)
AWP | Exoskeleton (Well-Worn)
AWP | Exoskeleton (Minimal Wear)
AWP | Exoskeleton (Field-Tested)
AWP | Exoskeleton (Factory New)
AWP | Exoskeleton (Battle-Scarred)
AWP | Elite Build (Well-Worn)
AWP | Elite Build (Minimal Wear)
AWP | Elite Build (Field-Tested)
AWP | Elite Build (Factory New)
AWP | Elite Build (Battle-Scarred)
AWP | Electric Hive (Well-Worn)
AWP | Electric Hive (Minimal Wear)
AWP | Electric Hive (Field-Tested)
AWP | Electric Hive (Factory New)
AWP | Duality (Well-Worn)
AWP | Duality (Minimal Wear)
AWP | Duality (Field-Tested)
AWP | Duality (Factory New)
AWP | Duality (Battle-Scarred)
AWP | Corticera (Minimal Wear)
AWP | Corticera (Field-Tested)
AWP | Corticera (Factory New)
AWP | Containment Breach (Well-Worn)
AWP | Containment Breach (Minimal Wear)
AWP | Containment Breach (Field-Tested)
AWP | Containment Breach (Factory New)
AWP | Containment Breach (Battle-Scarred)
AWP | Chromatic Aberration (Well-Worn)
AWP | Chromatic Aberration (Minimal Wear)
AWP | Chromatic Aberration (Field-Tested)
AWP | Chromatic Aberration (Factory New)
AWP | Chromatic Aberration (Battle-Scarred)
AWP | BOOM (Minimal Wear)
AWP | BOOM (Field-Tested)
AWP | BOOM (Factory New)
AWP | Atheris (Well-Worn)
AWP | Atheris (Minimal Wear)
AWP | Atheris (Field-Tested)
AWP | Atheris (Factory New)
AWP | Atheris (Battle-Scarred)
AWP | Asiimov (Well-Worn)
AWP | Asiimov (Field-Tested)
AWP | Asiimov (Battle-Scarred)
AUG | Torque (Well-Worn)
AUG | Torque (Minimal Wear)
AUG | Torque (Field-Tested)
AUG | Torque (Factory New)
AUG | Torque (Battle-Scarred)
AUG | Syd Mead (Well-Worn)
AUG | Syd Mead (Minimal Wear)
AUG | Syd Mead (Field-Tested)
AUG | Syd Mead (Factory New)
AUG | Syd Mead (Battle-Scarred)
AUG | Stymphalian (Well-Worn)
AUG | Stymphalian (Minimal Wear)
AUG | Stymphalian (Field-Tested)
AUG | Stymphalian (Factory New)
AUG | Stymphalian (Battle-Scarred)
AUG | Sand Storm (Well-Worn)
AUG | Sand Storm (Minimal Wear)
AUG | Sand Storm (Field-Tested)
AUG | Sand Storm (Factory New)
AUG | Sand Storm (Battle-Scarred)
AUG | Random Access (Well-Worn)
AUG | Random Access (Minimal Wear)
AUG | Random Access (Field-Tested)
AUG | Random Access (Factory New)
AUG | Random Access (Battle-Scarred)
AUG | Momentum (Well-Worn)
AUG | Momentum (Minimal Wear)
AUG | Momentum (Field-Tested)
AUG | Momentum (Factory New)
AUG | Momentum (Battle-Scarred)
AUG | Midnight Lily (Well-Worn)
AUG | Midnight Lily (Minimal Wear)
AUG | Midnight Lily (Field-Tested)
AUG | Midnight Lily (Factory New)
AUG | Midnight Lily (Battle-Scarred)
AUG | Fleet Flock (Well-Worn)
AUG | Fleet Flock (Minimal Wear)
AUG | Fleet Flock (Field-Tested)
AUG | Fleet Flock (Factory New)
AUG | Fleet Flock (Battle-Scarred)
AUG | Flame Jörmungandr (Well-Worn)
AUG | Flame Jörmungandr (Minimal Wear)
AUG | Flame Jörmungandr (Field-Tested)
AUG | Flame Jörmungandr (Factory New)
AUG | Flame Jörmungandr (Battle-Scarred)
AUG | Death by Puppy (Well-Worn)
AUG | Death by Puppy (Minimal Wear)
AUG | Death by Puppy (Field-Tested)
AUG | Death by Puppy (Factory New)
AUG | Chameleon (Well-Worn)
AUG | Chameleon (Minimal Wear)
AUG | Chameleon (Field-Tested)
AUG | Chameleon (Factory New)
AUG | Chameleon (Battle-Scarred)
AUG | Bengal Tiger (Well-Worn)
AUG | Bengal Tiger (Minimal Wear)
AUG | Bengal Tiger (Field-Tested)
AUG | Bengal Tiger (Factory New)
AUG | Bengal Tiger (Battle-Scarred)
AUG | Aristocrat (Well-Worn)
AUG | Aristocrat (Minimal Wear)
AUG | Aristocrat (Field-Tested)
AUG | Aristocrat (Factory New)
AUG | Aristocrat (Battle-Scarred)
AUG | Arctic Wolf (Well-Worn)
AUG | Arctic Wolf (Minimal Wear)
AUG | Arctic Wolf (Field-Tested)
AUG | Arctic Wolf (Factory New)
AUG | Arctic Wolf (Battle-Scarred)
AUG | Akihabara Accept (Well-Worn)
AUG | Akihabara Accept (Field-Tested)
AUG | Akihabara Accept (Battle-Scarred)
AK-47 | X-Ray (Well-Worn)
AK-47 | X-Ray (Battle-Scarred)
AK-47 | Wasteland Rebel (Well-Worn)
AK-47 | Wasteland Rebel (Minimal Wear)
AK-47 | Wasteland Rebel (Field-Tested)
AK-47 | Wasteland Rebel (Factory New)
AK-47 | Wasteland Rebel (Battle-Scarred)
AK-47 | Vulcan (Well-Worn)
AK-47 | Vulcan (Minimal Wear)
AK-47 | Vulcan (Field-Tested)
AK-47 | Vulcan (Factory New)
AK-47 | Vulcan (Battle-Scarred)
AK-47 | The Empress (Well-Worn)
AK-47 | The Empress (Minimal Wear)
AK-47 | The Empress (Field-Tested)
AK-47 | The Empress (Factory New)
AK-47 | The Empress (Battle-Scarred)
AK-47 | Slate (Well-Worn)
AK-47 | Slate (Minimal Wear)
AK-47 | Slate (Field-Tested)
AK-47 | Slate (Factory New)
AK-47 | Slate (Battle-Scarred)
AK-47 | Safety Net (Well-Worn)
AK-47 | Safety Net (Minimal Wear)
AK-47 | Safety Net (Field-Tested)
AK-47 | Safety Net (Factory New)
AK-47 | Safety Net (Battle-Scarred)
AK-47 | Redline (Well-Worn)
AK-47 | Redline (Minimal Wear)
AK-47 | Redline (Field-Tested)
AK-47 | Redline (Battle-Scarred)
AK-47 | Red Laminate (Well-Worn)
AK-47 | Red Laminate (Minimal Wear)
AK-47 | Red Laminate (Field-Tested)
AK-47 | Red Laminate (Battle-Scarred)
AK-47 | Rat Rod (Well-Worn)
AK-47 | Rat Rod (Minimal Wear)
AK-47 | Rat Rod (Field-Tested)
AK-47 | Rat Rod (Factory New)
AK-47 | Rat Rod (Battle-Scarred)
AK-47 | Point Disarray (Well-Worn)
AK-47 | Point Disarray (Minimal Wear)
AK-47 | Point Disarray (Field-Tested)
AK-47 | Point Disarray (Factory New)
AK-47 | Point Disarray (Battle-Scarred)
AK-47 | Phantom Disruptor (Well-Worn)
AK-47 | Phantom Disruptor (Minimal Wear)
AK-47 | Phantom Disruptor (Field-Tested)
AK-47 | Phantom Disruptor (Factory New)
AK-47 | Phantom Disruptor (Battle-Scarred)
AK-47 | Panthera onca (Well-Worn)
AK-47 | Panthera onca (Minimal Wear)
AK-47 | Panthera onca (Field-Tested)
AK-47 | Panthera onca (Factory New)
AK-47 | Panthera onca (Battle-Scarred)
AK-47 | Orbit Mk01 (Well-Worn)
AK-47 | Orbit Mk01 (Minimal Wear)
AK-47 | Orbit Mk01 (Field-Tested)
AK-47 | Orbit Mk01 (Factory New)
AK-47 | Orbit Mk01 (Battle-Scarred)
AK-47 | Nightwish (Well-Worn)
AK-47 | Nightwish (Minimal Wear)
AK-47 | Nightwish (Field-Tested)
AK-47 | Nightwish (Factory New)
AK-47 | Nightwish (Battle-Scarred)
AK-47 | Neon Rider (Well-Worn)
AK-47 | Neon Rider (Minimal Wear)
AK-47 | Neon Rider (Field-Tested)
AK-47 | Neon Rider (Factory New)
AK-47 | Neon Rider (Battle-Scarred)
AK-47 | Neon Revolution (Well-Worn)
AK-47 | Neon Revolution (Minimal Wear)
AK-47 | Neon Revolution (Field-Tested)
AK-47 | Neon Revolution (Factory New)
AK-47 | Neon Revolution (Battle-Scarred)
AK-47 | Legion of Anubis (Well-Worn)
AK-47 | Legion of Anubis (Minimal Wear)
AK-47 | Legion of Anubis (Field-Tested)
AK-47 | Legion of Anubis (Factory New)
AK-47 | Legion of Anubis (Battle-Scarred)
AK-47 | Leet Museo (Well-Worn)
AK-47 | Leet Museo (Minimal Wear)
AK-47 | Leet Museo (Field-Tested)
AK-47 | Leet Museo (Factory New)
AK-47 | Leet Museo (Battle-Scarred)
AK-47 | Jet Set (Well-Worn)
AK-47 | Jet Set (Minimal Wear)
AK-47 | Jet Set (Field-Tested)
AK-47 | Jet Set (Factory New)
AK-47 | Jet Set (Battle-Scarred)
AK-47 | Jaguar (Well-Worn)
AK-47 | Jaguar (Minimal Wear)
AK-47 | Jaguar (Field-Tested)
AK-47 | Jaguar (Factory New)
AK-47 | Jaguar (Battle-Scarred)
AK-47 | Ice Coaled (Well-Worn)
AK-47 | Ice Coaled (Minimal Wear)
AK-47 | Ice Coaled (Field-Tested)
AK-47 | Ice Coaled (Factory New)
AK-47 | Ice Coaled (Battle-Scarred)
AK-47 | Hydroponic (Well-Worn)
AK-47 | Hydroponic (Field-Tested)
AK-47 | Hydroponic (Battle-Scarred)
AK-47 | Head Shot (Well-Worn)
AK-47 | Head Shot (Minimal Wear)
AK-47 | Head Shot (Field-Tested)
AK-47 | Head Shot (Factory New)
AK-47 | Head Shot (Battle-Scarred)
AK-47 | Fuel Injector (Well-Worn)
AK-47 | Fuel Injector (Minimal Wear)
AK-47 | Fuel Injector (Field-Tested)
AK-47 | Fuel Injector (Factory New)
AK-47 | Fuel Injector (Battle-Scarred)
AK-47 | Frontside Misty (Well-Worn)
AK-47 | Frontside Misty (Minimal Wear)
AK-47 | Frontside Misty (Field-Tested)
AK-47 | Frontside Misty (Factory New)
AK-47 | Frontside Misty (Battle-Scarred)
AK-47 | First Class (Well-Worn)
AK-47 | First Class (Minimal Wear)
AK-47 | First Class (Field-Tested)
AK-47 | First Class (Factory New)
AK-47 | First Class (Battle-Scarred)
AK-47 | Fire Serpent (Well-Worn)
AK-47 | Fire Serpent (Field-Tested)
AK-47 | Fire Serpent (Battle-Scarred)
AK-47 | Emerald Pinstripe (Well-Worn)
AK-47 | Emerald Pinstripe (Minimal Wear)
AK-47 | Emerald Pinstripe (Field-Tested)
AK-47 | Emerald Pinstripe (Factory New)
AK-47 | Emerald Pinstripe (Battle-Scarred)
AK-47 | Case Hardened (Well-Worn)
AK-47 | Case Hardened (Minimal Wear)
AK-47 | Case Hardened (Field-Tested)
AK-47 | Case Hardened (Factory New)
AK-47 | Case Hardened (Battle-Scarred)
AK-47 | Cartel (Well-Worn)
AK-47 | Cartel (Minimal Wear)
AK-47 | Cartel (Field-Tested)
AK-47 | Cartel (Factory New)
AK-47 | Cartel (Battle-Scarred)
AK-47 | Blue Laminate (Well-Worn)
AK-47 | Blue Laminate (Minimal Wear)
AK-47 | Blue Laminate (Field-Tested)
AK-47 | Blue Laminate (Factory New)
AK-47 | Bloodsport (Well-Worn)
AK-47 | Bloodsport (Minimal Wear)
AK-47 | Bloodsport (Field-Tested)
AK-47 | Bloodsport (Factory New)
AK-47 | Asiimov (Well-Worn)
AK-47 | Asiimov (Minimal Wear)
AK-47 | Asiimov (Field-Tested)
AK-47 | Asiimov (Factory New)
AK-47 | Asiimov (Battle-Scarred)
AK-47 | Aquamarine Revenge (Well-Worn)
AK-47 | Aquamarine Revenge (Minimal Wear)
AK-47 | Aquamarine Revenge (Field-Tested)
AK-47 | Aquamarine Revenge (Factory New)
AK-47 | Aquamarine Revenge (Battle-Scarred)
