Sticker | Mr. Chompy (Foil)
Sticker | Mr. Chompy
Sticker | Movistar Riders | Stockholm 2021
Sticker | Movistar Riders (Holo) | Stockholm 2021
Sticker | Movistar Riders (Gold) | Stockholm 2021
Sticker | Movistar Riders (Foil) | Stockholm 2021
Sticker | Move It(Holo)
Sticker | Move It(Foil)
Sticker | Move It (Holo)
Sticker | Move It (Foil)
Sticker | Move It
Sticker | MOUZ | Stockholm 2021
Sticker | MOUZ | Rio 2022
Sticker | MOUZ | Paris 2023
Sticker | MOUZ (Holo) | Stockholm 2021
Sticker | MOUZ (Holo) | Rio 2022
Sticker | MOUZ (Holo) | Paris 2023
Sticker | MOUZ (Gold) | Stockholm 2021
Sticker | MOUZ (Gold) | Rio 2022
Sticker | MOUZ (Gold) | Paris 2023
Sticker | MOUZ (Glitter) | Rio 2022
Sticker | MOUZ (Glitter) | Paris 2023
Sticker | MOUZ (Foil) | Stockholm 2021
Sticker | mousesports | MLG Columbus 2016
Sticker | mousesports | London 2018
Sticker | mousesports | Krakow 2017
Sticker | mousesports | Katowice 2014
Sticker | mousesports | Cologne 2016
Sticker | mousesports | Cologne 2015
Sticker | mousesports | Cluj-Napoca 2015
Sticker | mousesports | Boston 2018
Sticker | mousesports | Berlin 2019
Sticker | mousesports | Atlanta 2017
Sticker | mousesports (Holo) | MLG Columbus 2016
Sticker | mousesports (Holo) | London 2018
Sticker | mousesports (Holo) | Krakow 2017
Sticker | mousesports (Holo) | Katowice 2014
Sticker | mousesports (Holo) | Cologne 2016
Sticker | mousesports (Holo) | Boston 2018
Sticker | mousesports (Holo) | Berlin 2019
Sticker | mousesports (Holo) | Atlanta 2017
Sticker | mousesports (Foil) | MLG Columbus 2016
Sticker | mousesports (Foil) | London 2018
Sticker | mousesports (Foil) | Krakow 2017
Sticker | mousesports (Foil) | Cologne 2016
Sticker | mousesports (Foil) | Cologne 2015
Sticker | mousesports (Foil) | Cluj-Napoca 2015
Sticker | mousesports (Foil) | Boston 2018
Sticker | mousesports (Foil) | Berlin 2019
Sticker | mousesports (Foil) | Atlanta 2017
Sticker | mou | MLG Columbus 2016
Sticker | mou | London 2018
Sticker | mou | Krakow 2017
Sticker | mou | Cologne 2016
Sticker | mou | Boston 2018
Sticker | mou | Atlanta 2017
Sticker | mou (Gold) | London 2018
Sticker | mou (Gold) | Krakow 2017
Sticker | mou (Gold) | Boston 2018
Sticker | mou (Foil) | MLG Columbus 2016
Sticker | mou (Foil) | London 2018
Sticker | mou (Foil) | Krakow 2017
Sticker | mou (Foil) | Cologne 2016
Sticker | mou (Foil) | Boston 2018
Sticker | mou (Foil) | Atlanta 2017
Sticker | Mood Ring Strafe (Holo)
Sticker | Monte | Paris 2023
Sticker | Monte (Holo) | Paris 2023
Sticker | Monte (Gold) | Paris 2023
Sticker | Monte (Glitter) | Paris 2023
Sticker | Monster
Sticker | Mondays
Sticker | MLG | MLG Columbus 2016
Sticker | MLG (Holo) | MLG Columbus 2016
Sticker | MLG (Foil) | MLG Columbus 2016
Sticker | mixwell | Cologne 2016
Sticker | mixwell | Atlanta 2017
Sticker | mixwell (Foil) | Cologne 2016
Sticker | mixwell (Foil) | Atlanta 2017
Sticker | misutaaa | Stockholm 2021
Sticker | misutaaa | Antwerp 2022
Sticker | misutaaa (Holo) | Stockholm 2021
Sticker | misutaaa (Holo) | Antwerp 2022
Sticker | misutaaa (Gold) | Stockholm 2021
Sticker | misutaaa (Gold) | Antwerp 2022
Sticker | misutaaa (Glitter) | Antwerp 2022
Sticker | Mister Chief
Sticker | Misfits Gaming | Boston 2018
Sticker | Misfits Gaming (Holo) | Boston 2018
Sticker | Misfits Gaming (Foil) | Boston 2018
Sticker | mir | London 2018
Sticker | mir | Krakow 2017
Sticker | mir | Boston 2018
Sticker | mir (Gold) | London 2018
Sticker | mir (Gold) | Krakow 2017
Sticker | mir (Gold) | Boston 2018
Sticker | mir (Foil) | London 2018
Sticker | mir (Foil) | Krakow 2017
Sticker | mir (Foil) | Boston 2018
Sticker | Mind Games (Holo)
Sticker | MICHU | London 2018
Sticker | MICHU (Gold) | London 2018
Sticker | MICHU (Foil) | London 2018
Sticker | MIBR | London 2018
Sticker | MIBR | Katowice 2019
Sticker | MIBR | Berlin 2019
Sticker | MIBR | Antwerp 2022
Sticker | MIBR (Holo) | London 2018
Sticker | MIBR (Holo) | Katowice 2019
Sticker | MIBR (Holo) | Berlin 2019
Sticker | MIBR (Holo) | Antwerp 2022
Sticker | MIBR (Gold) | Antwerp 2022
Sticker | MIBR (Glitter) | Antwerp 2022
Sticker | MIBR (Foil) | London 2018
Sticker | MIBR (Foil) | Katowice 2019
Sticker | MIBR (Foil) | Berlin 2019
Sticker | Miami Wave Rider
Sticker | Miami Tier6 (Holo)
Sticker | Miami Stabbyfish
Sticker | Miami Skill Surf (Holo)
Sticker | Miami Flow (Holo)
Sticker | Miami Flick (Holo)
Sticker | Miami Buttery (Holo)
Sticker | mezii | Rio 2022
Sticker | mezii | Paris 2023
Sticker | mezii (Holo) | Rio 2022
Sticker | mezii (Holo) | Paris 2023
Sticker | mezii (Gold) | Rio 2022
Sticker | mezii (Gold) | Paris 2023
Sticker | mezii (Glitter) | Rio 2022
Sticker | mezii (Glitter) | Paris 2023
Sticker | Metal
Sticker | Merietta(Holo)
Sticker | Merietta (Holo)
Sticker | Merietta
Sticker | Mercury Flick (Holo)
Sticker | max | Rio 2022
Sticker | max | Antwerp 2022
Sticker | max (Holo) | Rio 2022
Sticker | max (Holo) | Antwerp 2022
Sticker | Max (Holo)
Sticker | max (Gold) | Rio 2022
Sticker | max (Gold) | Antwerp 2022
Sticker | max (Glitter) | Rio 2022
Sticker | max (Glitter) | Antwerp 2022
Sticker | Max
Sticker | Mastermind (Holo)
Sticker | Mastermind
Sticker | Master Guardian Elite (Holo)
Sticker | Master Guardian Elite
Sticker | Master Guardian (Holo)
Sticker | Master Guardian
Sticker | Massive Pear
Sticker | Martha(Holo)
Sticker | Martha (Holo)
Sticker | Martha
Sticker | markeloff | MLG Columbus 2016
Sticker | markeloff | Krakow 2017
Sticker | markeloff | Cologne 2016
Sticker | markeloff | Cologne 2015
Sticker | markeloff | Cluj-Napoca 2015
Sticker | markeloff | Boston 2018
Sticker | markeloff | Atlanta 2017
Sticker | markeloff (Gold) | Krakow 2017
Sticker | markeloff (Gold) | Boston 2018
Sticker | markeloff (Foil) | MLG Columbus 2016
Sticker | markeloff (Foil) | Krakow 2017
Sticker | markeloff (Foil) | Cologne 2016
Sticker | markeloff (Foil) | Cologne 2015
Sticker | markeloff (Foil) | Cluj-Napoca 2015
Sticker | markeloff (Foil) | Boston 2018
Sticker | markeloff (Foil) | Atlanta 2017
Sticker | Manticore (Holo)
Sticker | Manticore
Sticker | Maniac | Cologne 2015
Sticker | Maniac (Foil) | Cologne 2015
Sticker | malta | Katowice 2019
Sticker | malta | Berlin 2019
Sticker | malta (Gold) | Katowice 2019
Sticker | malta (Gold) | Berlin 2019
Sticker | malta (Foil) | Katowice 2019
Sticker | malta (Foil) | Berlin 2019
Sticker | MAJ3R | London 2018
Sticker | MAJ3R | Boston 2018
Sticker | MAJ3R (Gold) | London 2018
Sticker | MAJ3R (Gold) | Boston 2018
Sticker | MAJ3R (Foil) | London 2018
Sticker | MAJ3R (Foil) | Boston 2018
Sticker | Maikelele | MLG Columbus 2016
Sticker | Maikelele | Cologne 2015
Sticker | Maikelele | Cluj-Napoca 2015
Sticker | Maikelele (Foil) | MLG Columbus 2016
Sticker | Maikelele (Foil) | Cologne 2015
Sticker | Maikelele (Foil) | Cluj-Napoca 2015
Sticker | Mahjong Zhong
Sticker | Mahjong Rooster
Sticker | Mahjong Fa
Sticker | magixx | Rio 2022
Sticker | magixx | Antwerp 2022
Sticker | magixx (Holo) | Rio 2022
Sticker | magixx (Holo) | Antwerp 2022
Sticker | magixx (Gold) | Rio 2022
Sticker | magixx (Gold) | Antwerp 2022
Sticker | magixx (Glitter) | Rio 2022
Sticker | magixx (Glitter) | Antwerp 2022
Sticker | Magisk | Rio 2022
Sticker | Magisk | Paris 2023
Sticker | Magisk | London 2018
Sticker | Magisk | Krakow 2017
Sticker | Magisk | Katowice 2019
Sticker | Magisk | Berlin 2019
Sticker | Magisk | Atlanta 2017
Sticker | Magisk | Antwerp 2022
"Sticker | Magisk (Holo, Champion) | Paris 2023"
Sticker | Magisk (Holo) | Rio 2022
Sticker | Magisk (Holo) | Paris 2023
Sticker | Magisk (Holo) | Antwerp 2022
"Sticker | Magisk (Gold, Champion) | Paris 2023"
Sticker | Magisk (Gold) | Rio 2022
Sticker | Magisk (Gold) | Paris 2023
Sticker | Magisk (Gold) | London 2018
Sticker | Magisk (Gold) | Krakow 2017
Sticker | Magisk (Gold) | Katowice 2019
Sticker | Magisk (Gold) | Berlin 2019
Sticker | Magisk (Gold) | Antwerp 2022
"Sticker | Magisk (Glitter, Champion) | Paris 2023"
Sticker | Magisk (Glitter) | Rio 2022
Sticker | Magisk (Glitter) | Paris 2023
Sticker | Magisk (Glitter) | Antwerp 2022
Sticker | Magisk (Foil) | London 2018
Sticker | Magisk (Foil) | Krakow 2017
Sticker | Magisk (Foil) | Katowice 2019
Sticker | Magisk (Foil) | Berlin 2019
Sticker | Magisk (Foil) | Atlanta 2017
Sticker | Magisk (Champion) | Paris 2023
Sticker | Magic Rush Ball (Lenticular)
Sticker | maden | Rio 2022
Sticker | maden | Paris 2023
Sticker | maden | Antwerp 2022
Sticker | maden (Holo) | Rio 2022
Sticker | maden (Holo) | Paris 2023
Sticker | maden (Holo) | Antwerp 2022
Sticker | maden (Gold) | Rio 2022
Sticker | maden (Gold) | Paris 2023
Sticker | maden (Gold) | Antwerp 2022
Sticker | maden (Glitter) | Rio 2022
Sticker | maden (Glitter) | Paris 2023
Sticker | maden (Glitter) | Antwerp 2022
Sticker | m0NESY | Paris 2023
Sticker | m0NESY | Antwerp 2022
Sticker | m0NESY (Holo) | Paris 2023
Sticker | m0NESY (Holo) | Antwerp 2022
Sticker | m0NESY (Gold) | Paris 2023
Sticker | m0NESY (Gold) | Antwerp 2022
Sticker | m0NESY (Glitter) | Paris 2023
Sticker | m0NESY (Glitter) | Antwerp 2022
Sticker | Lurker (Foil)
Sticker | Lurker
Sticker | Luminosity Gaming | MLG Columbus 2016
Sticker | Luminosity Gaming | Cologne 2015
Sticker | Luminosity Gaming | Cluj-Napoca 2015
Sticker | Luminosity Gaming (Holo) | MLG Columbus 2016
Sticker | Luminosity Gaming (Foil) | MLG Columbus 2016
Sticker | Luminosity Gaming (Foil) | Cologne 2015
Sticker | Luminosity Gaming (Foil) | Cluj-Napoca 2015
Sticker | luken | Antwerp 2022
Sticker | luken (Holo) | Antwerp 2022
Sticker | luken (Gold) | Antwerp 2022
Sticker | luken (Glitter) | Antwerp 2022
Sticker | Lucky | Katowice 2019
Sticker | Lucky | Berlin 2019
Sticker | Lucky Cat (Foil)
Sticker | Lucky 13 (Foil)
Sticker | Lucky 13
Sticker | Lucky (Gold) | Katowice 2019
Sticker | Lucky (Gold) | Berlin 2019
Sticker | Lucky (Foil) | Katowice 2019
Sticker | Lucky (Foil) | Berlin 2019
Sticker | Luck Skill (Foil)
Sticker | Luck Skill
Sticker | LUCAS1 | Krakow 2017
Sticker | LUCAS1 | Boston 2018
Sticker | LUCAS1 | Berlin 2019
Sticker | LUCAS1 (Gold) | Krakow 2017
Sticker | LUCAS1 (Gold) | Boston 2018
Sticker | LUCAS1 (Gold) | Berlin 2019
Sticker | LUCAS1 (Foil) | Krakow 2017
Sticker | LUCAS1 (Foil) | Boston 2018
Sticker | LUCAS1 (Foil) | Berlin 2019
Sticker | Lucaozy | Paris 2023
Sticker | Lucaozy (Holo) | Paris 2023
Sticker | Lucaozy (Gold) | Paris 2023
Sticker | Lucaozy (Glitter) | Paris 2023
Sticker | loWel | Krakow 2017
Sticker | loWel | Berlin 2019
Sticker | loWel | Atlanta 2017
Sticker | loWel (Gold) | Krakow 2017
Sticker | loWel (Gold) | Berlin 2019
Sticker | loWel (Foil) | Krakow 2017
Sticker | loWel (Foil) | Berlin 2019
Sticker | loWel (Foil) | Atlanta 2017
Sticker | LoveYY | Boston 2018
Sticker | LoveYY (Gold) | Boston 2018
Sticker | LoveYY (Foil) | Boston 2018
Sticker | Lore Poison Frog (Foil)
Sticker | Lord of Skulls (Holo)
Sticker | Longevity (Foil)
Sticker | Longevity
Sticker | London Conspiracy | Cologne 2014
Sticker | London Conspiracy (Holo) | Cologne 2014
Sticker | LNZ | Stockholm 2021
Sticker | LNZ (Holo) | Stockholm 2021
Sticker | LNZ (Gold) | Stockholm 2021
Sticker | Llama Cannon
Sticker | Little Mischief
Sticker | Liquid | 2020 RMR
Sticker | Liquid Fire (Holo)
Sticker | Liquid Fire
Sticker | Liquid (Holo) | 2020 RMR
Sticker | Liquid (Gold) | 2020 RMR
Sticker | Liquid (Foil) | 2020 RMR
Sticker | Liazz | Rio 2022
Sticker | Liazz | Paris 2023
Sticker | Liazz | Katowice 2019
Sticker | Liazz | Berlin 2019
Sticker | Liazz | Antwerp 2022
Sticker | Liazz (Holo) | Rio 2022
Sticker | Liazz (Holo) | Paris 2023
Sticker | Liazz (Holo) | Antwerp 2022
Sticker | Liazz (Gold) | Rio 2022
Sticker | Liazz (Gold) | Paris 2023
Sticker | Liazz (Gold) | Katowice 2019
Sticker | Liazz (Gold) | Berlin 2019
Sticker | Liazz (Gold) | Antwerp 2022
Sticker | Liazz (Glitter) | Rio 2022
Sticker | Liazz (Glitter) | Paris 2023
Sticker | Liazz (Glitter) | Antwerp 2022
Sticker | Liazz (Foil) | Katowice 2019
Sticker | Liazz (Foil) | Berlin 2019
Sticker | LGB eSports | Katowice 2015
Sticker | LGB eSports | Katowice 2014
Sticker | LGB eSports (Holo) | Katowice 2015
Sticker | LGB eSports (Holo) | Katowice 2014
Sticker | LGB eSports (Foil) | Katowice 2015
Sticker | LETN1 | Berlin 2019
Sticker | LETN1 (Gold) | Berlin 2019
Sticker | LETN1 (Foil) | Berlin 2019
Sticker | Let's Roll-oll (Holo)
Sticker | Let's Roll-oll
Sticker | Lekr0 | London 2018
Sticker | Lekr0 | Katowice 2019
Sticker | Lekr0 | Boston 2018
Sticker | Lekr0 | Berlin 2019
Sticker | Lekr0 | Atlanta 2017
Sticker | Lekr0 (Gold) | London 2018
Sticker | Lekr0 (Gold) | Katowice 2019
Sticker | Lekr0 (Gold) | Boston 2018
Sticker | Lekr0 (Gold) | Berlin 2019
Sticker | Lekr0 (Foil) | London 2018
Sticker | Lekr0 (Foil) | Katowice 2019
Sticker | Lekr0 (Foil) | Boston 2018
Sticker | Lekr0 (Foil) | Berlin 2019
Sticker | Lekr0 (Foil) | Atlanta 2017
Sticker | LEGIJA | Krakow 2017
Sticker | LEGIJA | Boston 2018
Sticker | LEGIJA (Gold) | Krakow 2017
Sticker | LEGIJA (Gold) | Boston 2018
Sticker | LEGIJA (Foil) | Krakow 2017
Sticker | LEGIJA (Foil) | Boston 2018
Sticker | Legendary Eagle Master (Holo)
Sticker | Legendary Eagle Master
Sticker | Legendary Eagle (Holo)
Sticker | Legendary Eagle
Sticker | Legendary (Foil)
Sticker | Legendary
Sticker | Leaving The Station (Holo)
Sticker | lauNX | Rio 2022
Sticker | lauNX (Holo) | Rio 2022
Sticker | lauNX (Gold) | Rio 2022
Sticker | lauNX (Glitter) | Rio 2022
Sticker | latto | Rio 2022
Sticker | latto (Holo) | Rio 2022
Sticker | latto (Gold) | Rio 2022
Sticker | latto (Glitter) | Rio 2022
Sticker | Last Vance (Gold)
Sticker | Last Vance
Sticker | Laser Beam
Sticker | Lambda (Holo)
Sticker | Lambda
Sticker | kyxsan | Paris 2023
Sticker | kyxsan (Holo) | Paris 2023
Sticker | kyxsan (Gold) | Paris 2023
Sticker | kyxsan (Glitter) | Paris 2023
Sticker | Kyojin | Stockholm 2021
Sticker | Kyojin (Holo) | Stockholm 2021
Sticker | Kyojin (Gold) | Stockholm 2021
Sticker | Kylar | Paris 2023
Sticker | Kylar (Holo) | Paris 2023
Sticker | Kylar (Gold) | Paris 2023
Sticker | Kylar (Glitter) | Paris 2023
Sticker | Kvik | London 2018
Sticker | Kvik | Katowice 2019
Sticker | Kvik | Boston 2018
Sticker | Kvik (Gold) | London 2018
Sticker | Kvik (Gold) | Katowice 2019
Sticker | Kvik (Gold) | Boston 2018
Sticker | Kvik (Foil) | London 2018
Sticker | Kvik (Foil) | Katowice 2019
Sticker | Kvik (Foil) | Boston 2018
Sticker | KSCERATO | Stockholm 2021
Sticker | KSCERATO | Rio 2022
Sticker | KSCERATO | Paris 2023
Sticker | KSCERATO | Katowice 2019
Sticker | KSCERATO | Berlin 2019
Sticker | KSCERATO | Antwerp 2022
Sticker | KSCERATO (Holo) | Stockholm 2021
Sticker | KSCERATO (Holo) | Rio 2022
Sticker | KSCERATO (Holo) | Paris 2023
Sticker | KSCERATO (Holo) | Antwerp 2022
Sticker | KSCERATO (Gold) | Stockholm 2021
Sticker | KSCERATO (Gold) | Rio 2022
Sticker | KSCERATO (Gold) | Paris 2023
Sticker | KSCERATO (Gold) | Katowice 2019
Sticker | KSCERATO (Gold) | Berlin 2019
Sticker | KSCERATO (Gold) | Antwerp 2022
Sticker | KSCERATO (Glitter) | Rio 2022
Sticker | KSCERATO (Glitter) | Paris 2023
Sticker | KSCERATO (Glitter) | Antwerp 2022
Sticker | KSCERATO (Foil) | Katowice 2019
Sticker | KSCERATO (Foil) | Berlin 2019
Sticker | kRYSTAL | Krakow 2017
Sticker | kRYSTAL | Boston 2018
Sticker | kRYSTAL (Gold) | Krakow 2017
Sticker | kRYSTAL (Gold) | Boston 2018
Sticker | kRYSTAL (Foil) | Krakow 2017
Sticker | kRYSTAL (Foil) | Boston 2018
Sticker | KrizzeN | Katowice 2019
Sticker | KrizzeN | Boston 2018
Sticker | KrizzeN (Gold) | Katowice 2019
Sticker | KrizzeN (Gold) | Boston 2018
Sticker | KrizzeN (Foil) | Katowice 2019
Sticker | KrizzeN (Foil) | Boston 2018
Sticker | KRIMZ | Rio 2022
Sticker | KRIMZ | Paris 2023
Sticker | KRIMZ | MLG Columbus 2016
Sticker | KRIMZ | London 2018
Sticker | KRIMZ | Krakow 2017
Sticker | KRIMZ | Katowice 2019
Sticker | KRIMZ | Cologne 2016
Sticker | KRIMZ | Cologne 2015
Sticker | KRIMZ | Cluj-Napoca 2015
Sticker | KRIMZ | Boston 2018
Sticker | KRIMZ | Atlanta 2017
Sticker | KRIMZ (Holo) | Rio 2022
Sticker | KRIMZ (Holo) | Paris 2023
Sticker | KRIMZ (Gold) | Rio 2022
Sticker | KRIMZ (Gold) | Paris 2023
Sticker | KRIMZ (Gold) | London 2018
Sticker | KRIMZ (Gold) | Krakow 2017
Sticker | KRIMZ (Gold) | Katowice 2019
Sticker | KRIMZ (Gold) | Boston 2018
Sticker | KRIMZ (Glitter) | Rio 2022
Sticker | KRIMZ (Glitter) | Paris 2023
Sticker | KRIMZ (Foil) | MLG Columbus 2016
Sticker | KRIMZ (Foil) | London 2018
Sticker | KRIMZ (Foil) | Krakow 2017
Sticker | KRIMZ (Foil) | Katowice 2019
Sticker | KRIMZ (Foil) | Cologne 2016
Sticker | KRIMZ (Foil) | Cologne 2015
Sticker | KRIMZ (Foil) | Cluj-Napoca 2015
Sticker | KRIMZ (Foil) | Boston 2018
Sticker | KRIMZ (Foil) | Atlanta 2017
Sticker | Krimbo | Rio 2022
Sticker | Krimbo | Antwerp 2022
Sticker | Krimbo (Holo) | Rio 2022
Sticker | Krimbo (Holo) | Antwerp 2022
Sticker | Krimbo (Gold) | Rio 2022
Sticker | Krimbo (Gold) | Antwerp 2022
Sticker | Krimbo (Glitter) | Rio 2022
Sticker | Krimbo (Glitter) | Antwerp 2022
Sticker | kRaSnaL | Paris 2023
Sticker | kRaSnaL (Holo) | Paris 2023
Sticker | kRaSnaL (Gold) | Paris 2023
Sticker | kRaSnaL (Glitter) | Paris 2023
Sticker | Krad | Paris 2023
Sticker | Krad | Berlin 2019
Sticker | Krad (Holo) | Paris 2023
Sticker | Krad (Gold) | Paris 2023
Sticker | Krad (Gold) | Berlin 2019
Sticker | Krad (Glitter) | Paris 2023
Sticker | Krad (Foil) | Berlin 2019
Sticker | koosta | Cologne 2016
Sticker | koosta (Foil) | Cologne 2016
Sticker | Knives Out
Sticker | Knife's Edge
Sticker | Knife Club
Sticker | kNgV- | Krakow 2017
Sticker | kNgV- | Boston 2018
Sticker | kNgV- | Berlin 2019
Sticker | kNgV- (Gold) | Krakow 2017
Sticker | kNgV- (Gold) | Boston 2018
Sticker | kNgV- (Gold) | Berlin 2019
Sticker | kNgV- (Foil) | Krakow 2017
Sticker | kNgV- (Foil) | Boston 2018
Sticker | kNgV- (Foil) | Berlin 2019
Sticker | Kjaerbye | London 2018
Sticker | Kjaerbye | Krakow 2017
Sticker | Kjaerbye | Cluj-Napoca 2015
Sticker | Kjaerbye | Boston 2018
Sticker | Kjaerbye | Berlin 2019
Sticker | Kjaerbye | Atlanta 2017
Sticker | Kjaerbye (Gold) | London 2018
Sticker | Kjaerbye (Gold) | Krakow 2017
Sticker | Kjaerbye (Gold) | Boston 2018
Sticker | Kjaerbye (Gold) | Berlin 2019
Sticker | Kjaerbye (Foil) | London 2018
Sticker | Kjaerbye (Foil) | Krakow 2017
Sticker | Kjaerbye (Foil) | Cluj-Napoca 2015
Sticker | Kjaerbye (Foil) | Boston 2018
Sticker | Kjaerbye (Foil) | Berlin 2019
Sticker | Kjaerbye (Foil) | Atlanta 2017
Sticker | Kitted Out
Sticker | kioShiMa | Krakow 2017
Sticker | kioShiMa | Katowice 2019
Sticker | kioShiMa | Cologne 2016
Sticker | kioShiMa | Cologne 2015
Sticker | kioShiMa | Cluj-Napoca 2015
Sticker | kioShiMa | Atlanta 2017
Sticker | kioShiMa (Gold) | Krakow 2017
Sticker | kioShiMa (Gold) | Katowice 2019
Sticker | kioShiMa (Foil) | Krakow 2017
Sticker | kioShiMa (Foil) | Katowice 2019
Sticker | kioShiMa (Foil) | Cologne 2016
Sticker | kioShiMa (Foil) | Cologne 2015
Sticker | kioShiMa (Foil) | Cluj-Napoca 2015
Sticker | kioShiMa (Foil) | Atlanta 2017
Sticker | kinqie | Berlin 2019
Sticker | kinqie (Gold) | Berlin 2019
Sticker | kinqie (Foil) | Berlin 2019
Sticker | King on the Field
Sticker | Kimberly(Holo)
Sticker | Kimberly (Holo)
Sticker | Kimberly
Sticker | Killjoy (Holo)
Sticker | Killjoy
Sticker | Kill Count (Holo)
Sticker | Kill Count
Sticker | Keyd Stars | Katowice 2015
Sticker | Keyd Stars (Holo) | Katowice 2015
Sticker | Keyd Stars (Foil) | Katowice 2015
Sticker | keshandr | Krakow 2017
Sticker | keshandr | Boston 2018
Sticker | keshandr (Gold) | Krakow 2017
Sticker | keshandr (Gold) | Boston 2018
Sticker | keshandr (Foil) | Krakow 2017
Sticker | keshandr (Foil) | Boston 2018
Sticker | Keoz | Rio 2022
Sticker | Keoz | Paris 2023
Sticker | Keoz | Berlin 2019
Sticker | Keoz (Holo) | Rio 2022
Sticker | Keoz (Holo) | Paris 2023
Sticker | Keoz (Gold) | Rio 2022
Sticker | Keoz (Gold) | Paris 2023
Sticker | Keoz (Gold) | Berlin 2019
Sticker | Keoz (Glitter) | Rio 2022
Sticker | Keoz (Glitter) | Paris 2023
Sticker | Keoz (Foil) | Berlin 2019
Sticker | KENSi | Antwerp 2022
Sticker | KENSi (Holo) | Antwerp 2022
Sticker | KENSi (Gold) | Antwerp 2022
Sticker | KENSi (Glitter) | Antwerp 2022
Sticker | kennyS | MLG Columbus 2016
Sticker | kennyS | London 2018
Sticker | kennyS | Krakow 2017
Sticker | kennyS | Katowice 2019
Sticker | kennyS | Cologne 2016
Sticker | kennyS | Cologne 2015
Sticker | kennyS | Cluj-Napoca 2015
Sticker | kennyS | Boston 2018
Sticker | kennyS | Berlin 2019
Sticker | kennyS | Atlanta 2017
Sticker | kennyS (Gold) | London 2018
Sticker | kennyS (Gold) | Krakow 2017
Sticker | kennyS (Gold) | Katowice 2019
Sticker | kennyS (Gold) | Boston 2018
Sticker | kennyS (Gold) | Berlin 2019
Sticker | kennyS (Foil) | MLG Columbus 2016
Sticker | kennyS (Foil) | London 2018
Sticker | kennyS (Foil) | Krakow 2017
Sticker | kennyS (Foil) | Katowice 2019
Sticker | kennyS (Foil) | Cologne 2016
Sticker | kennyS (Foil) | Cologne 2015
Sticker | kennyS (Foil) | Cluj-Napoca 2015
Sticker | kennyS (Foil) | Boston 2018
Sticker | kennyS (Foil) | Berlin 2019
Sticker | kennyS (Foil) | Atlanta 2017
Sticker | KEi | Paris 2023
Sticker | KEi (Holo) | Paris 2023
Sticker | KEi (Gold) | Paris 2023
Sticker | KEi (Glitter) | Paris 2023
Sticker | keev | Krakow 2017
Sticker | keev | Boston 2018
Sticker | keev (Gold) | Krakow 2017
Sticker | keev (Gold) | Boston 2018
Sticker | keev (Foil) | Krakow 2017
Sticker | keev (Foil) | Boston 2018
Sticker | Kaze | Katowice 2019
Sticker | Kaze | Boston 2018
Sticker | Kaze (Gold) | Katowice 2019
Sticker | Kaze (Gold) | Boston 2018
Sticker | Kaze (Foil) | Katowice 2019
Sticker | Kaze (Foil) | Boston 2018
Sticker | Kawaii T (Holo)
Sticker | Kawaii Killer Terrorist
Sticker | Kawaii Killer CT
Sticker | Kawaii CT (Holo)
Sticker | Karsa | Boston 2018
Sticker | Karsa (Gold) | Boston 2018
Sticker | Karsa (Foil) | Boston 2018
Sticker | karrigan | Rio 2022
Sticker | karrigan | Paris 2023
Sticker | karrigan | MLG Columbus 2016
Sticker | karrigan | London 2018
Sticker | karrigan | Krakow 2017
Sticker | karrigan | Cologne 2016
Sticker | karrigan | Cologne 2015
Sticker | karrigan | Cluj-Napoca 2015
Sticker | karrigan | Boston 2018
Sticker | karrigan | Berlin 2019
Sticker | karrigan | Atlanta 2017
Sticker | karrigan | Antwerp 2022
"Sticker | karrigan (Holo, Champion) | Antwerp 2022"
Sticker | karrigan (Holo) | Rio 2022
Sticker | karrigan (Holo) | Paris 2023
Sticker | karrigan (Holo) | Antwerp 2022
"Sticker | karrigan (Gold, Champion) | Antwerp 2022"
Sticker | karrigan (Gold) | Rio 2022
Sticker | karrigan (Gold) | Paris 2023
Sticker | karrigan (Gold) | London 2018
Sticker | karrigan (Gold) | Krakow 2017
Sticker | karrigan (Gold) | Boston 2018
Sticker | karrigan (Gold) | Berlin 2019
Sticker | karrigan (Gold) | Antwerp 2022
"Sticker | karrigan (Glitter, Champion) | Antwerp 2022"
Sticker | karrigan (Glitter) | Rio 2022
Sticker | karrigan (Glitter) | Paris 2023
Sticker | karrigan (Glitter) | Antwerp 2022
Sticker | karrigan (Foil) | MLG Columbus 2016
Sticker | karrigan (Foil) | London 2018
Sticker | karrigan (Foil) | Krakow 2017
Sticker | karrigan (Foil) | Cologne 2016
Sticker | karrigan (Foil) | Cologne 2015
Sticker | karrigan (Foil) | Cluj-Napoca 2015
Sticker | karrigan (Foil) | Boston 2018
Sticker | karrigan (Foil) | Berlin 2019
Sticker | karrigan (Foil) | Atlanta 2017
Sticker | karrigan (Champion) | Antwerp 2022
Sticker | kabal | Rio 2022
Sticker | kabal | Antwerp 2022
Sticker | kabal (Holo) | Rio 2022
Sticker | kabal (Holo) | Antwerp 2022
Sticker | kabal (Gold) | Rio 2022
Sticker | kabal (Gold) | Antwerp 2022
Sticker | kabal (Glitter) | Rio 2022
Sticker | kabal (Glitter) | Antwerp 2022
Sticker | k1to | Rio 2022
Sticker | k1to (Holo) | Rio 2022
Sticker | k1to (Gold) | Rio 2022
Sticker | k1to (Glitter) | Rio 2022
Sticker | k0nfig | Paris 2023
Sticker | k0nfig | London 2018
Sticker | k0nfig | Krakow 2017
Sticker | k0nfig | Cologne 2016
Sticker | k0nfig | Boston 2018
Sticker | k0nfig | Atlanta 2017
Sticker | k0nfig | Antwerp 2022
Sticker | k0nfig (Holo) | Paris 2023
Sticker | k0nfig (Holo) | Antwerp 2022
Sticker | k0nfig (Gold) | Paris 2023
Sticker | k0nfig (Gold) | London 2018
Sticker | k0nfig (Gold) | Krakow 2017
Sticker | k0nfig (Gold) | Boston 2018
Sticker | k0nfig (Gold) | Antwerp 2022
Sticker | k0nfig (Glitter) | Paris 2023
Sticker | k0nfig (Glitter) | Antwerp 2022
Sticker | k0nfig (Foil) | London 2018
Sticker | k0nfig (Foil) | Krakow 2017
Sticker | k0nfig (Foil) | Cologne 2016
Sticker | k0nfig (Foil) | Boston 2018
Sticker | k0nfig (Foil) | Atlanta 2017
Sticker | JW | MLG Columbus 2016
Sticker | JW | London 2018
Sticker | JW | Krakow 2017
Sticker | JW | Katowice 2019
Sticker | JW | Cologne 2016
Sticker | JW | Cologne 2015
Sticker | JW | Cluj-Napoca 2015
Sticker | JW | Boston 2018
Sticker | JW | Atlanta 2017
Sticker | JW (Gold) | London 2018
Sticker | JW (Gold) | Krakow 2017
Sticker | JW (Gold) | Katowice 2019
Sticker | JW (Gold) | Boston 2018
Sticker | JW (Foil) | MLG Columbus 2016
Sticker | JW (Foil) | London 2018
Sticker | JW (Foil) | Krakow 2017
Sticker | JW (Foil) | Katowice 2019
Sticker | JW (Foil) | Cologne 2016
Sticker | JW (Foil) | Cologne 2015
Sticker | JW (Foil) | Cluj-Napoca 2015
Sticker | JW (Foil) | Boston 2018
Sticker | JW (Foil) | Atlanta 2017
Sticker | Just Trolling
Sticker | junior | Antwerp 2022
Sticker | junior (Holo) | Antwerp 2022
Sticker | junior (Gold) | Antwerp 2022
Sticker | junior (Glitter) | Antwerp 2022
Sticker | JUGi | London 2018
Sticker | JUGi | Berlin 2019
Sticker | JUGi (Gold) | London 2018
Sticker | JUGi (Gold) | Berlin 2019
Sticker | JUGi (Foil) | London 2018
Sticker | JUGi (Foil) | Berlin 2019
Sticker | juanflatroo | Rio 2022
Sticker | juanflatroo | Paris 2023
Sticker | juanflatroo | Antwerp 2022
Sticker | juanflatroo (Holo) | Rio 2022
Sticker | juanflatroo (Holo) | Paris 2023
Sticker | juanflatroo (Holo) | Antwerp 2022
Sticker | juanflatroo (Gold) | Rio 2022
Sticker | juanflatroo (Gold) | Paris 2023
Sticker | juanflatroo (Gold) | Antwerp 2022
Sticker | juanflatroo (Glitter) | Rio 2022
Sticker | juanflatroo (Glitter) | Paris 2023
Sticker | juanflatroo (Glitter) | Antwerp 2022
Sticker | JT | Paris 2023
Sticker | JT | Antwerp 2022
Sticker | JT (Holo) | Paris 2023
Sticker | JT (Holo) | Antwerp 2022
Sticker | JT (Gold) | Paris 2023
Sticker | JT (Gold) | Antwerp 2022
Sticker | JT (Glitter) | Paris 2023
Sticker | JT (Glitter) | Antwerp 2022
Sticker | jR | London 2018
Sticker | jR | Krakow 2017
Sticker | jR | Katowice 2019
Sticker | jR | Boston 2018
Sticker | jR (Gold) | London 2018
Sticker | jR (Gold) | Krakow 2017
Sticker | jR (Gold) | Katowice 2019
Sticker | jR (Gold) | Boston 2018
Sticker | jR (Foil) | London 2018
Sticker | jR (Foil) | Krakow 2017
Sticker | jR (Foil) | Katowice 2019
Sticker | jR (Foil) | Boston 2018
Sticker | JOTA | Antwerp 2022
Sticker | JOTA (Holo) | Antwerp 2022
Sticker | JOTA (Gold) | Antwerp 2022
Sticker | JOTA (Glitter) | Antwerp 2022
Sticker | Joan (Holo)
Sticker | Joan
Sticker | jmqa | London 2018
Sticker | jmqa | Boston 2018
Sticker | jmqa (Gold) | London 2018
Sticker | jmqa (Gold) | Boston 2018
Sticker | jmqa (Foil) | London 2018
Sticker | jmqa (Foil) | Boston 2018
Sticker | jL | Paris 2023
Sticker | jL (Holo) | Paris 2023
Sticker | jL (Gold) | Paris 2023
Sticker | jL (Glitter) | Paris 2023
Sticker | jks | Paris 2023
Sticker | jks | London 2018
Sticker | jks | Katowice 2019
Sticker | jks | Cologne 2015
Sticker | jks | Boston 2018
Sticker | jks | Berlin 2019
Sticker | jks (Holo) | Paris 2023
Sticker | jks (Gold) | Paris 2023
Sticker | jks (Gold) | London 2018
Sticker | jks (Gold) | Katowice 2019
Sticker | jks (Gold) | Boston 2018
Sticker | jks (Gold) | Berlin 2019
Sticker | jks (Glitter) | Paris 2023
Sticker | jks (Foil) | London 2018
Sticker | jks (Foil) | Katowice 2019
Sticker | jks (Foil) | Cologne 2015
Sticker | jks (Foil) | Boston 2018
Sticker | jks (Foil) | Berlin 2019
Sticker | jkaem | Paris 2023
Sticker | jkaem | MLG Columbus 2016
Sticker | jkaem | London 2018
Sticker | jkaem | Katowice 2019
Sticker | jkaem | Cologne 2016
Sticker | jkaem | Cluj-Napoca 2015
Sticker | jkaem | Berlin 2019
Sticker | jkaem (Holo) | Paris 2023
Sticker | jkaem (Gold) | Paris 2023
Sticker | jkaem (Gold) | London 2018
Sticker | jkaem (Gold) | Katowice 2019
Sticker | jkaem (Gold) | Berlin 2019
Sticker | jkaem (Glitter) | Paris 2023
Sticker | jkaem (Foil) | MLG Columbus 2016
Sticker | jkaem (Foil) | London 2018
Sticker | jkaem (Foil) | Katowice 2019
Sticker | jkaem (Foil) | Cologne 2016
Sticker | jkaem (Foil) | Cluj-Napoca 2015
Sticker | jkaem (Foil) | Berlin 2019
Sticker | Jerry | Paris 2023
Sticker | Jerry | Berlin 2019
Sticker | Jerry | Antwerp 2022
Sticker | Jerry (Holo) | Paris 2023
Sticker | Jerry (Holo) | Antwerp 2022
Sticker | Jerry (Gold) | Paris 2023
Sticker | Jerry (Gold) | Berlin 2019
Sticker | Jerry (Gold) | Antwerp 2022
Sticker | Jerry (Glitter) | Paris 2023
Sticker | Jerry (Glitter) | Antwerp 2022
Sticker | Jerry (Foil) | Berlin 2019
Sticker | jdm64 | MLG Columbus 2016
Sticker | jdm64 | Cologne 2016
Sticker | jdm64 | Cologne 2015
Sticker | jdm64 | Cluj-Napoca 2015
Sticker | jdm64 | Boston 2018
Sticker | jdm64 | Atlanta 2017
Sticker | jdm64 (Gold) | Boston 2018
Sticker | jdm64 (Foil) | MLG Columbus 2016
Sticker | jdm64 (Foil) | Cologne 2016
Sticker | jdm64 (Foil) | Cologne 2015
Sticker | jdm64 (Foil) | Cluj-Napoca 2015
Sticker | jdm64 (Foil) | Boston 2018
Sticker | jdm64 (Foil) | Atlanta 2017
Sticker | JDC | Rio 2022
Sticker | JDC | Paris 2023
Sticker | JDC (Holo) | Rio 2022
Sticker | JDC (Holo) | Paris 2023
Sticker | JDC (Gold) | Rio 2022
Sticker | JDC (Gold) | Paris 2023
Sticker | JDC (Glitter) | Rio 2022
Sticker | JDC (Glitter) | Paris 2023
Sticker | jasonR | MLG Columbus 2016
Sticker | jasonR (Foil) | MLG Columbus 2016
Sticker | James | Cologne 2015
Sticker | James (Foil) | Cologne 2015
Sticker | Jame | Stockholm 2021
Sticker | Jame | Rio 2022
Sticker | Jame | Katowice 2019
Sticker | Jame | Boston 2018
Sticker | Jame | Berlin 2019
Sticker | Jame | Antwerp 2022
"Sticker | Jame (Holo, Champion) | Rio 2022"
Sticker | Jame (Holo) | Stockholm 2021
Sticker | Jame (Holo) | Rio 2022
Sticker | Jame (Holo) | Antwerp 2022
"Sticker | Jame (Gold, Champion) | Rio 2022"
Sticker | Jame (Gold) | Stockholm 2021
Sticker | Jame (Gold) | Rio 2022
Sticker | Jame (Gold) | Katowice 2019
Sticker | Jame (Gold) | Boston 2018
Sticker | Jame (Gold) | Berlin 2019
Sticker | Jame (Gold) | Antwerp 2022
"Sticker | Jame (Glitter, Champion) | Rio 2022"
Sticker | Jame (Glitter) | Rio 2022
Sticker | Jame (Glitter) | Antwerp 2022
Sticker | Jame (Foil) | Katowice 2019
Sticker | Jame (Foil) | Boston 2018
Sticker | Jame (Foil) | Berlin 2019
Sticker | Jame (Champion) | Rio 2022
Sticker | JACKZ | Stockholm 2021
Sticker | JaCkz | Katowice 2019
Sticker | JaCkz | Berlin 2019
Sticker | JaCkz | Antwerp 2022
Sticker | JACKZ (Holo) | Stockholm 2021
Sticker | JaCkz (Holo) | Antwerp 2022
Sticker | JACKZ (Gold) | Stockholm 2021
Sticker | JaCkz (Gold) | Katowice 2019
Sticker | JaCkz (Gold) | Berlin 2019
Sticker | JaCkz (Gold) | Antwerp 2022
Sticker | JaCkz (Glitter) | Antwerp 2022
Sticker | JaCkz (Foil) | Katowice 2019
Sticker | JaCkz (Foil) | Berlin 2019
Sticker | Jack (Holo)
Sticker | Jack
Sticker | jabbi | Rio 2022
Sticker | jabbi | Paris 2023
Sticker | jabbi | Antwerp 2022
Sticker | jabbi (Holo) | Rio 2022
Sticker | jabbi (Holo) | Paris 2023
Sticker | jabbi (Holo) | Antwerp 2022
Sticker | jabbi (Gold) | Rio 2022
Sticker | jabbi (Gold) | Paris 2023
Sticker | jabbi (Gold) | Antwerp 2022
Sticker | jabbi (Glitter) | Rio 2022
Sticker | jabbi (Glitter) | Paris 2023
Sticker | jabbi (Glitter) | Antwerp 2022
Sticker | Ivette(Holo)
Sticker | Ivette (Holo)
Sticker | Ivette
Sticker | ISSAA | London 2018
Sticker | ISSAA | Katowice 2019
Sticker | ISSAA | Berlin 2019
Sticker | ISSAA (Gold) | London 2018
Sticker | ISSAA (Gold) | Katowice 2019
Sticker | ISSAA (Gold) | Berlin 2019
Sticker | ISSAA (Foil) | London 2018
Sticker | ISSAA (Foil) | Katowice 2019
Sticker | ISSAA (Foil) | Berlin 2019
Sticker | isak | Rio 2022
Sticker | isak | Paris 2023
Sticker | isak (Holo) | Rio 2022
Sticker | isak (Holo) | Paris 2023
Sticker | isak (Gold) | Rio 2022
Sticker | isak (Gold) | Paris 2023
Sticker | isak (Glitter) | Rio 2022
Sticker | isak (Glitter) | Paris 2023
Sticker | INTZ E-SPORTS CLUB | Berlin 2019
Sticker | INTZ E-SPORTS CLUB (Holo) | Berlin 2019
Sticker | INTZ E-SPORTS CLUB (Foil) | Berlin 2019
Sticker | Into The Breach | Paris 2023
Sticker | Into The Breach (Holo) | Paris 2023
Sticker | Into The Breach (Gold) | Paris 2023
Sticker | Into The Breach (Glitter) | Paris 2023
Sticker | interz | Stockholm 2021
Sticker | interz | Rio 2022
Sticker | interz | Antwerp 2022
Sticker | interz (Holo) | Stockholm 2021
Sticker | interz (Holo) | Rio 2022
Sticker | interz (Holo) | Antwerp 2022
Sticker | interz (Gold) | Stockholm 2021
Sticker | interz (Gold) | Rio 2022
Sticker | interz (Gold) | Antwerp 2022
Sticker | interz (Glitter) | Rio 2022
Sticker | interz (Glitter) | Antwerp 2022
Sticker | INS | Rio 2022
Sticker | INS | Paris 2023
Sticker | ins | Antwerp 2022
Sticker | INS (Holo) | Rio 2022
Sticker | INS (Holo) | Paris 2023
Sticker | ins (Holo) | Antwerp 2022
Sticker | INS (Gold) | Rio 2022
Sticker | INS (Gold) | Paris 2023
Sticker | ins (Gold) | Antwerp 2022
Sticker | INS (Glitter) | Rio 2022
Sticker | INS (Glitter) | Paris 2023
Sticker | ins (Glitter) | Antwerp 2022
Sticker | innocent | Krakow 2017
Sticker | innocent | Boston 2018
Sticker | innocent (Gold) | Krakow 2017
Sticker | innocent (Gold) | Boston 2018
Sticker | innocent (Foil) | Krakow 2017
Sticker | innocent (Foil) | Boston 2018
Sticker | Infinite Triangle (Holo)
Sticker | Infinite Diamond (Holo)
Sticker | Inferno Diorama (Foil)
Sticker | Incineration (Holo)
Sticker | Incineration
Sticker | In The Fire (Foil)
Sticker | Imperial Esports | Rio 2022
Sticker | Imperial Esports | Antwerp 2022
Sticker | Imperial Esports (Holo) | Rio 2022
Sticker | Imperial Esports (Holo) | Antwerp 2022
Sticker | Imperial Esports (Gold) | Rio 2022
Sticker | Imperial Esports (Gold) | Antwerp 2022
Sticker | Imperial Esports (Glitter) | Rio 2022
Sticker | Imperial Esports (Glitter) | Antwerp 2022
Sticker | imoRR | Antwerp 2022
Sticker | imoRR (Holo) | Antwerp 2022
Sticker | imoRR (Gold) | Antwerp 2022
Sticker | imoRR (Glitter) | Antwerp 2022
Sticker | Immortals | Krakow 2017
Sticker | Immortals (Holo) | Krakow 2017
Sticker | Immortals (Foil) | Krakow 2017
Sticker | iM | Rio 2022
Sticker | iM | Paris 2023
Sticker | iM (Holo) | Rio 2022
Sticker | iM (Holo) | Paris 2023
Sticker | iM (Gold) | Rio 2022
Sticker | iM (Gold) | Paris 2023
Sticker | iM (Glitter) | Rio 2022
Sticker | iM (Glitter) | Paris 2023
Sticker | IHC Esports | Rio 2022
Sticker | IHC Esports | Antwerp 2022
Sticker | IHC Esports (Holo) | Rio 2022
Sticker | IHC Esports (Holo) | Antwerp 2022
Sticker | IHC Esports (Gold) | Rio 2022
Sticker | IHC Esports (Gold) | Antwerp 2022
Sticker | IHC Esports (Glitter) | Rio 2022
Sticker | IHC Esports (Glitter) | Antwerp 2022
Sticker | IEM | Rio 2022
Sticker | IEM | Katowice 2019
Sticker | IEM (Holo) | Rio 2022
Sticker | IEM (Holo) | Katowice 2019
Sticker | IEM (Gold) | Rio 2022
Sticker | IEM (Glitter) | Rio 2022
Sticker | IEM (Foil) | Katowice 2019
Sticker | iBUYPOWER | Katowice 2014
Sticker | iBUYPOWER | DreamHack 2014
Sticker | iBUYPOWER | Cologne 2014
Sticker | iBUYPOWER (Holo) | Katowice 2014
Sticker | iBUYPOWER (Holo) | Cologne 2014
Sticker | I'm Lit
Sticker | I See You (Holo)
Sticker | I Conquered
Sticker | Hypnotic Surf K (Foil)
Sticker | Hyper | Cologne 2015
Sticker | Hyper | Cluj-Napoca 2015
Sticker | Hyper (Foil) | Cologne 2015
Sticker | Hyper (Foil) | Cluj-Napoca 2015
Sticker | hutji | London 2018
Sticker | hutji | Krakow 2017
Sticker | hutji | Katowice 2019
Sticker | hutji | Boston 2018
Sticker | hutji (Gold) | London 2018
Sticker | hutji (Gold) | Krakow 2017
Sticker | hutji (Gold) | Katowice 2019
Sticker | hutji (Gold) | Boston 2018
Sticker | hutji (Foil) | London 2018
Sticker | hutji (Foil) | Krakow 2017
Sticker | hutji (Foil) | Katowice 2019
Sticker | hutji (Foil) | Boston 2018
Sticker | huNter- | Stockholm 2021
Sticker | huNter- | Paris 2023
Sticker | huNter- | Berlin 2019
Sticker | huNter- (Holo) | Stockholm 2021
Sticker | huNter- (Holo) | Paris 2023
Sticker | huNter- (Gold) | Stockholm 2021
Sticker | huNter- (Gold) | Paris 2023
Sticker | huNter- (Gold) | Berlin 2019
Sticker | huNter- (Glitter) | Paris 2023
Sticker | huNter- (Foil) | Berlin 2019
Sticker | huNter | Antwerp 2022
Sticker | huNter (Holo) | Antwerp 2022
Sticker | huNter (Gold) | Antwerp 2022
Sticker | huNter (Glitter) | Antwerp 2022
Sticker | Huaji
Sticker | HS | Krakow 2017
Sticker | HS (Gold) | Krakow 2017
Sticker | HS (Foil) | Krakow 2017
Sticker | Howling Dawn
Sticker | Hotpot
Sticker | Hot Wings (Holo)
Sticker | Hot Wings
Sticker | Hostage Rescue
Sticker | HooXi | Paris 2023
Sticker | HooXi | Antwerp 2022
Sticker | HooXi (Holo) | Paris 2023
Sticker | HooXi (Holo) | Antwerp 2022
Sticker | HooXi (Gold) | Paris 2023
Sticker | HooXi (Gold) | Antwerp 2022
Sticker | HooXi (Glitter) | Paris 2023
Sticker | HooXi (Glitter) | Antwerp 2022
Sticker | hooch | MLG Columbus 2016
Sticker | hooch | Cologne 2016
Sticker | hooch (Foil) | MLG Columbus 2016
Sticker | hooch (Foil) | Cologne 2016
Sticker | HObbit | Stockholm 2021
Sticker | Hobbit | Rio 2022
Sticker | Hobbit | London 2018
Sticker | Hobbit | Krakow 2017
Sticker | Hobbit | Katowice 2019
Sticker | Hobbit | Boston 2018
Sticker | Hobbit | Atlanta 2017
Sticker | Hobbit | Antwerp 2022
Sticker | HObbit (Holo) | Stockholm 2021
Sticker | Hobbit (Holo) | Rio 2022
Sticker | Hobbit (Holo) | Antwerp 2022
Sticker | HObbit (Gold) | Stockholm 2021
Sticker | Hobbit (Gold) | Rio 2022
Sticker | Hobbit (Gold) | London 2018
Sticker | Hobbit (Gold) | Krakow 2017
Sticker | Hobbit (Gold) | Katowice 2019
Sticker | Hobbit (Gold) | Boston 2018
Sticker | Hobbit (Gold) | Antwerp 2022
Sticker | Hobbit (Glitter) | Rio 2022
Sticker | Hobbit (Glitter) | Antwerp 2022
Sticker | Hobbit (Foil) | London 2018
Sticker | Hobbit (Foil) | Krakow 2017
Sticker | Hobbit (Foil) | Katowice 2019
Sticker | Hobbit (Foil) | Boston 2018
Sticker | Hobbit (Foil) | Atlanta 2017
Sticker | Ho Ho Ho
Sticker | History | Paris 2023
Sticker | History (Holo) | Paris 2023
Sticker | History (Gold) | Paris 2023
Sticker | History (Glitter) | Paris 2023
Sticker | Hippocamp (Holo)
Sticker | Hippocamp
Sticker | Hiko | MLG Columbus 2016
Sticker | Hiko | London 2018
Sticker | Hiko | Cologne 2016
Sticker | Hiko | Cluj-Napoca 2015
Sticker | Hiko | Atlanta 2017
Sticker | Hiko (Gold) | London 2018
Sticker | Hiko (Foil) | MLG Columbus 2016
Sticker | Hiko (Foil) | London 2018
Sticker | Hiko (Foil) | Cologne 2016
Sticker | Hiko (Foil) | Cluj-Napoca 2015
Sticker | Hiko (Foil) | Atlanta 2017
Sticker | Hidden Hero (Foil)
"Sticker | Hi, My Game Is"
Sticker | HexT | Rio 2022
Sticker | HexT (Holo) | Rio 2022
Sticker | HexT (Gold) | Rio 2022
Sticker | HexT (Glitter) | Rio 2022
Sticker | Heroic | Stockholm 2021
Sticker | Heroic | Rio 2022
Sticker | Heroic | Paris 2023
Sticker | Heroic | Antwerp 2022
Sticker | Heroic | 2020 RMR
Sticker | Heroic (Holo) | Stockholm 2021
Sticker | Heroic (Holo) | Rio 2022
Sticker | Heroic (Holo) | Paris 2023
Sticker | Heroic (Holo) | Antwerp 2022
Sticker | Heroic (Holo) | 2020 RMR
Sticker | Heroic (Gold) | Stockholm 2021
Sticker | Heroic (Gold) | Rio 2022
Sticker | Heroic (Gold) | Paris 2023
Sticker | Heroic (Gold) | Antwerp 2022
Sticker | Heroic (Gold) | 2020 RMR
Sticker | Heroic (Glitter) | Rio 2022
Sticker | Heroic (Glitter) | Paris 2023
Sticker | Heroic (Glitter) | Antwerp 2022
Sticker | Heroic (Foil) | Stockholm 2021
Sticker | Heroic (Foil) | 2020 RMR
Sticker | Heresy (Holo)
Sticker | Heresy
Sticker | HEN1 | Krakow 2017
Sticker | HEN1 | Boston 2018
Sticker | HEN1 (Gold) | Krakow 2017
Sticker | HEN1 (Gold) | Boston 2018
Sticker | HEN1 (Foil) | Krakow 2017
Sticker | HEN1 (Foil) | Boston 2018
Sticker | HellRaisers | London 2018
Sticker | HellRaisers | Katowice 2019
Sticker | HellRaisers | Katowice 2015
Sticker | HellRaisers | Katowice 2014
Sticker | HellRaisers | DreamHack 2014
Sticker | HellRaisers | Cologne 2014
Sticker | HellRaisers | Berlin 2019
Sticker | HellRaisers | Atlanta 2017
Sticker | HellRaisers (Holo) | London 2018
Sticker | HellRaisers (Holo) | Katowice 2019
Sticker | HellRaisers (Holo) | Katowice 2015
Sticker | HellRaisers (Holo) | Katowice 2014
Sticker | HellRaisers (Holo) | Cologne 2014
Sticker | HellRaisers (Holo) | Berlin 2019
Sticker | HellRaisers (Holo) | Atlanta 2017
Sticker | HellRaisers (Foil) | London 2018
Sticker | HellRaisers (Foil) | Katowice 2019
Sticker | HellRaisers (Foil) | Katowice 2015
Sticker | HellRaisers (Foil) | Berlin 2019
Sticker | HellRaisers (Foil) | Atlanta 2017
Sticker | Hello XM1014 (Gold)
Sticker | Hello XM1014
Sticker | Hello UMP-45 (Gold)
Sticker | Hello UMP-45
Sticker | Hello SG 553 (Gold)
Sticker | Hello SG 553
Sticker | Hello PP-Bizon (Gold)
Sticker | Hello PP-Bizon
Sticker | Hello P90 (Gold)
Sticker | Hello P90
Sticker | Hello MP9 (Gold)
Sticker | Hello MP9
Sticker | Hello MP7 (Gold)
Sticker | Hello MP7
Sticker | Hello MAC-10 (Gold)
Sticker | Hello MAC-10
Sticker | Hello M4A4 (Gold)
Sticker | Hello M4A4
Sticker | Hello M4A1-S (Gold)
Sticker | Hello M4A1-S
Sticker | Hello Galil AR (Gold)
Sticker | Hello Galil AR
Sticker | Hello FAMAS (Gold)
Sticker | Hello FAMAS
Sticker | Hello CZ75-Auto (Gold)
Sticker | Hello CZ75-Auto
Sticker | Hello AWP (Gold)
Sticker | Hello AWP
Sticker | Hello AUG (Gold)
Sticker | Hello AUG
Sticker | Hello AK-47 (Gold)
Sticker | Hello AK-47
Sticker | Health (Gold)
Sticker | headtr1ck | Paris 2023
Sticker | headtr1ck (Holo) | Paris 2023
Sticker | headtr1ck (Gold) | Paris 2023
Sticker | headtr1ck (Glitter) | Paris 2023
Sticker | Headshot Guarantee
Sticker | Heads Up
Sticker | Headless Chicken
Sticker | Headhunter (Foil)
Sticker | hazed | MLG Columbus 2016
Sticker | hazed | Cologne 2016
Sticker | hazed | Cologne 2015
Sticker | hazed | Cluj-Napoca 2015
Sticker | hazed (Foil) | MLG Columbus 2016
Sticker | hazed (Foil) | Cologne 2016
Sticker | hazed (Foil) | Cologne 2015
Sticker | hazed (Foil) | Cluj-Napoca 2015
Sticker | Havoc | Cologne 2015
Sticker | Havoc (Foil) | Cologne 2015
Sticker | Have Fun
Sticker | hatz | Antwerp 2022
Sticker | hatz (Holo) | Antwerp 2022
Sticker | hatz (Gold) | Antwerp 2022
Sticker | hatz (Glitter) | Antwerp 2022
Sticker | Harp of War (Holo)
Sticker | hardzao | Paris 2023
Sticker | hardzao (Holo) | Paris 2023
Sticker | hardzao (Gold) | Paris 2023
Sticker | hardzao (Glitter) | Paris 2023
Sticker | Hard Cluck Life(Holo)
Sticker | Hard Cluck Life(Foil)
Sticker | Hard Cluck Life (Holo)
Sticker | Hard Cluck Life (Foil)
Sticker | Hard Cluck Life
Sticker | Hard Carry
Sticker | Happy | MLG Columbus 2016
Sticker | Happy | Cologne 2016
Sticker | Happy | Cologne 2015
Sticker | Happy | Cluj-Napoca 2015
Sticker | Happy | Boston 2018
Sticker | Happy | Atlanta 2017
Sticker | Happy (Gold) | Boston 2018
Sticker | Happy (Foil) | MLG Columbus 2016
Sticker | Happy (Foil) | Cologne 2016
Sticker | Happy (Foil) | Cologne 2015
Sticker | Happy (Foil) | Cluj-Napoca 2015
Sticker | Happy (Foil) | Boston 2018
Sticker | Happy (Foil) | Atlanta 2017
Sticker | Handle With Care (Holo)
Sticker | Hamster Hawk
Sticker | hampus | Stockholm 2021
Sticker | hampus | Rio 2022
Sticker | hampus | Antwerp 2022
Sticker | hampus (Holo) | Stockholm 2021
Sticker | hampus (Holo) | Rio 2022
Sticker | hampus (Holo) | Antwerp 2022
Sticker | hampus (Gold) | Stockholm 2021
Sticker | hampus (Gold) | Rio 2022
Sticker | hampus (Gold) | Antwerp 2022
Sticker | hampus (Glitter) | Rio 2022
Sticker | hampus (Glitter) | Antwerp 2022
Sticker | hallzerk | Paris 2023
Sticker | hallzerk (Holo) | Paris 2023
Sticker | hallzerk (Gold) | Paris 2023
Sticker | hallzerk (Glitter) | Paris 2023
Sticker | hades | Paris 2023
Sticker | hades | Antwerp 2022
Sticker | hades (Holo) | Paris 2023
Sticker | hades (Holo) | Antwerp 2022
Sticker | hades (Gold) | Paris 2023
Sticker | hades (Gold) | Antwerp 2022
Sticker | hades (Glitter) | Paris 2023
Sticker | hades (Glitter) | Antwerp 2022
Sticker | gxx- | Rio 2022
Sticker | gxx- | Paris 2023
Sticker | gxx- | Antwerp 2022
Sticker | gxx- (Holo) | Rio 2022
Sticker | gxx- (Holo) | Paris 2023
Sticker | gxx- (Holo) | Antwerp 2022
Sticker | gxx- (Gold) | Rio 2022
Sticker | gxx- (Gold) | Paris 2023
Sticker | gxx- (Gold) | Antwerp 2022
Sticker | gxx- (Glitter) | Rio 2022
Sticker | gxx- (Glitter) | Paris 2023
Sticker | gxx- (Glitter) | Antwerp 2022
Sticker | Gutted
Sticker | Guinea Pig (Holo)
Sticker | GuardiaN | MLG Columbus 2016
Sticker | GuardiaN | London 2018
Sticker | GuardiaN | Krakow 2017
Sticker | GuardiaN | Katowice 2019
Sticker | GuardiaN | Cologne 2016
Sticker | GuardiaN | Cologne 2015
Sticker | GuardiaN | Cluj-Napoca 2015
Sticker | GuardiaN | Boston 2018
Sticker | GuardiaN | Berlin 2019
Sticker | GuardiaN | Atlanta 2017
Sticker | Guardian Dragon (Foil)
Sticker | Guardian Dragon
Sticker | GuardiaN (Gold) | London 2018
Sticker | GuardiaN (Gold) | Krakow 2017
Sticker | GuardiaN (Gold) | Katowice 2019
Sticker | GuardiaN (Gold) | Boston 2018
Sticker | GuardiaN (Gold) | Berlin 2019
Sticker | GuardiaN (Foil) | MLG Columbus 2016
Sticker | GuardiaN (Foil) | London 2018
Sticker | GuardiaN (Foil) | Krakow 2017
Sticker | GuardiaN (Foil) | Katowice 2019
Sticker | GuardiaN (Foil) | Cologne 2016
Sticker | GuardiaN (Foil) | Cologne 2015
Sticker | GuardiaN (Foil) | Cluj-Napoca 2015
Sticker | GuardiaN (Foil) | Boston 2018
Sticker | GuardiaN (Foil) | Berlin 2019
Sticker | GuardiaN (Foil) | Atlanta 2017
Sticker | GruBy | Cologne 2015
Sticker | GruBy | Cluj-Napoca 2015
Sticker | GruBy (Foil) | Cologne 2015
Sticker | GruBy (Foil) | Cluj-Napoca 2015
Sticker | Grim | Paris 2023
Sticker | Grim | Antwerp 2022
Sticker | Grim (Holo) | Paris 2023
Sticker | Grim (Holo) | Antwerp 2022
Sticker | Grim (Gold) | Paris 2023
Sticker | Grim (Gold) | Antwerp 2022
Sticker | Grim (Glitter) | Paris 2023
Sticker | Grim (Glitter) | Antwerp 2022
Sticker | Greetings
Sticker | Green's Problem
Sticker | Green Swallow
Sticker | Green Shark Shooter
Sticker | Green Lethal
Sticker | Green Gnar
Sticker | Green Cyclawps
Sticker | Green Bombster
Sticker | Great Wave (Holo)
Sticker | Great Wave (Foil)
Sticker | Great Wave
Sticker | Grayhound Gaming | Rio 2022
Sticker | Grayhound Gaming | Paris 2023
Sticker | Grayhound Gaming | Katowice 2019
Sticker | Grayhound Gaming | Berlin 2019
Sticker | Grayhound Gaming (Holo) | Rio 2022
Sticker | Grayhound Gaming (Holo) | Paris 2023
Sticker | Grayhound Gaming (Holo) | Katowice 2019
Sticker | Grayhound Gaming (Holo) | Berlin 2019
Sticker | Grayhound Gaming (Gold) | Rio 2022
Sticker | Grayhound Gaming (Gold) | Paris 2023
Sticker | Grayhound Gaming (Glitter) | Rio 2022
Sticker | Grayhound Gaming (Glitter) | Paris 2023
Sticker | Grayhound Gaming (Foil) | Katowice 2019
Sticker | Grayhound Gaming (Foil) | Berlin 2019
Sticker | Gratisfaction | Katowice 2019
Sticker | Gratisfaction | Berlin 2019
Sticker | Gratisfaction (Gold) | Katowice 2019
Sticker | Gratisfaction (Gold) | Berlin 2019
Sticker | Gratisfaction (Foil) | Katowice 2019
Sticker | Gratisfaction (Foil) | Berlin 2019
Sticker | Goofy | Paris 2023
Sticker | Goofy (Holo) | Paris 2023
Sticker | Goofy (Gold) | Paris 2023
Sticker | Goofy (Glitter) | Paris 2023
Sticker | Good Versus Evil
Sticker | Good Sports
Sticker | Good Luck
Sticker | Good Game
Sticker | Golden | London 2018
Sticker | Golden | Katowice 2019
Sticker | Golden | Boston 2018
Sticker | Golden | Berlin 2019
Sticker | Golden (Gold) | London 2018
Sticker | Golden (Gold) | Katowice 2019
Sticker | Golden (Gold) | Boston 2018
Sticker | Golden (Gold) | Berlin 2019
Sticker | Golden (Foil) | London 2018
Sticker | Golden (Foil) | Katowice 2019
Sticker | Golden (Foil) | Boston 2018
Sticker | Golden (Foil) | Berlin 2019
Sticker | Gold Web (Foil)
Sticker | Gold Web
Sticker | Gold Nova (Holo)
Sticker | Gold Nova
Sticker | GODSENT | Stockholm 2021
Sticker | GODSENT | Atlanta 2017
Sticker | GODSENT | 2020 RMR
Sticker | GODSENT (Holo) | Stockholm 2021
Sticker | GODSENT (Holo) | Atlanta 2017
Sticker | GODSENT (Holo) | 2020 RMR
Sticker | GODSENT (Gold) | Stockholm 2021
Sticker | GODSENT (Gold) | 2020 RMR
Sticker | GODSENT (Foil) | Stockholm 2021
Sticker | GODSENT (Foil) | Atlanta 2017
Sticker | GODSENT (Foil) | 2020 RMR
Sticker | God of Fortune
Sticker | gob b | London 2018
Sticker | gob b | Krakow 2017
Sticker | gob b | Katowice 2019
Sticker | gob b | Cologne 2015
Sticker | gob b | Cluj-Napoca 2015
Sticker | gob b | Boston 2018
Sticker | gob b (Gold) | London 2018
Sticker | gob b (Gold) | Krakow 2017
Sticker | gob b (Gold) | Katowice 2019
Sticker | gob b (Gold) | Boston 2018
Sticker | gob b (Foil) | London 2018
Sticker | gob b (Foil) | Krakow 2017
Sticker | gob b (Foil) | Katowice 2019
Sticker | gob b (Foil) | Cologne 2015
Sticker | gob b (Foil) | Cluj-Napoca 2015
Sticker | gob b (Foil) | Boston 2018
Sticker | Go Boom (Glitter)
Sticker | GO
Sticker | Gnome Mercy
Sticker | Global TV (Lenticular)
Sticker | Global Elite (Foil)
Sticker | Global Elite
Sticker | gla1ve | London 2018
Sticker | gla1ve | Krakow 2017
Sticker | gla1ve | Katowice 2019
Sticker | gla1ve | Cologne 2016
Sticker | gla1ve | Boston 2018
Sticker | gla1ve | Berlin 2019
Sticker | gla1ve | Atlanta 2017
Sticker | gla1ve | Antwerp 2022
Sticker | gla1ve (Holo) | Antwerp 2022
Sticker | gla1ve (Gold) | London 2018
Sticker | gla1ve (Gold) | Krakow 2017
Sticker | gla1ve (Gold) | Katowice 2019
Sticker | gla1ve (Gold) | Boston 2018
Sticker | gla1ve (Gold) | Berlin 2019
Sticker | gla1ve (Gold) | Antwerp 2022
Sticker | gla1ve (Glitter) | Antwerp 2022
Sticker | gla1ve (Foil) | London 2018
Sticker | gla1ve (Foil) | Krakow 2017
Sticker | gla1ve (Foil) | Katowice 2019
Sticker | gla1ve (Foil) | Cologne 2016
Sticker | gla1ve (Foil) | Boston 2018
Sticker | gla1ve (Foil) | Berlin 2019
Sticker | gla1ve (Foil) | Atlanta 2017
Sticker | GeT_RiGhT | MLG Columbus 2016
Sticker | GeT_RiGhT | London 2018
Sticker | GeT_RiGhT | Katowice 2019
Sticker | GeT_RiGhT | Cologne 2016
Sticker | GeT_RiGhT | Cologne 2015
Sticker | GeT_RiGhT | Cluj-Napoca 2015
Sticker | GeT_RiGhT | Berlin 2019
Sticker | GeT_RiGhT (Gold) | London 2018
Sticker | GeT_RiGhT (Gold) | Katowice 2019
Sticker | GeT_RiGhT (Gold) | Berlin 2019
Sticker | GeT_RiGhT (Foil) | MLG Columbus 2016
Sticker | GeT_RiGhT (Foil) | London 2018
Sticker | GeT_RiGhT (Foil) | Katowice 2019
Sticker | GeT_RiGhT (Foil) | Cologne 2016
Sticker | GeT_RiGhT (Foil) | Cologne 2015
Sticker | GeT_RiGhT (Foil) | Cluj-Napoca 2015
Sticker | GeT_RiGhT (Foil) | Berlin 2019
Sticker | Get Smoked (Holo)
Sticker | Get Clucked
Sticker | Gen.G | 2020 RMR
Sticker | Gen.G (Holo) | 2020 RMR
Sticker | Gen.G (Gold) | 2020 RMR
Sticker | Gen.G (Foil) | 2020 RMR
Sticker | GamerLegion | Rio 2022
Sticker | GamerLegion | Paris 2023
Sticker | GamerLegion (Holo) | Rio 2022
Sticker | GamerLegion (Holo) | Paris 2023
Sticker | GamerLegion (Gold) | Rio 2022
Sticker | GamerLegion (Gold) | Paris 2023
Sticker | GamerLegion (Glitter) | Rio 2022
Sticker | GamerLegion (Glitter) | Paris 2023
Sticker | Gambit | Krakow 2017
Sticker | Gambit Gaming | Stockholm 2021
Sticker | Gambit Gaming | MLG Columbus 2016
Sticker | Gambit Gaming | Cologne 2016
Sticker | Gambit Gaming | Atlanta 2017
Sticker | Gambit Gaming (Holo) | Stockholm 2021
Sticker | Gambit Gaming (Holo) | MLG Columbus 2016
Sticker | Gambit Gaming (Holo) | Cologne 2016
Sticker | Gambit Gaming (Holo) | Atlanta 2017
Sticker | Gambit Gaming (Gold) | Stockholm 2021
Sticker | Gambit Gaming (Foil) | Stockholm 2021
Sticker | Gambit Gaming (Foil) | MLG Columbus 2016
Sticker | Gambit Gaming (Foil) | Cologne 2016
Sticker | Gambit Gaming (Foil) | Atlanta 2017
Sticker | Gambit Esports | London 2018
Sticker | Gambit Esports | Boston 2018
Sticker | Gambit Esports (Holo) | London 2018
Sticker | Gambit Esports (Holo) | Boston 2018
Sticker | Gambit Esports (Foil) | London 2018
Sticker | Gambit Esports (Foil) | Boston 2018
Sticker | Gambit (Holo) | Krakow 2017
Sticker | Gambit (Foil) | Krakow 2017
Sticker | gade | London 2018
Sticker | gade | Berlin 2019
Sticker | gade (Gold) | London 2018
Sticker | gade (Gold) | Berlin 2019
Sticker | gade (Foil) | London 2018
Sticker | gade (Foil) | Berlin 2019
Sticker | G2 | 2020 RMR
Sticker | G2 Esports | Stockholm 2021
Sticker | G2 Esports | Paris 2023
Sticker | G2 Esports | MLG Columbus 2016
Sticker | G2 Esports | London 2018
Sticker | G2 Esports | Krakow 2017
Sticker | G2 Esports | Katowice 2019
Sticker | G2 Esports | Cologne 2016
Sticker | G2 Esports | Cluj-Napoca 2015
Sticker | G2 Esports | Boston 2018
Sticker | G2 Esports | Berlin 2019
Sticker | G2 Esports | Atlanta 2017
Sticker | G2 Esports | Antwerp 2022
Sticker | G2 Esports (Holo) | Stockholm 2021
Sticker | G2 Esports (Holo) | Paris 2023
Sticker | G2 Esports (Holo) | MLG Columbus 2016
Sticker | G2 Esports (Holo) | London 2018
Sticker | G2 Esports (Holo) | Krakow 2017
Sticker | G2 Esports (Holo) | Katowice 2019
Sticker | G2 Esports (Holo) | Cologne 2016
Sticker | G2 Esports (Holo) | Boston 2018
Sticker | G2 Esports (Holo) | Berlin 2019
Sticker | G2 Esports (Holo) | Atlanta 2017
Sticker | G2 Esports (Holo) | Antwerp 2022
Sticker | G2 Esports (Gold) | Stockholm 2021
Sticker | G2 Esports (Gold) | Paris 2023
Sticker | G2 Esports (Gold) | Antwerp 2022
Sticker | G2 Esports (Glitter) | Paris 2023
Sticker | G2 Esports (Glitter) | Antwerp 2022
Sticker | G2 Esports (Foil) | Stockholm 2021
Sticker | G2 Esports (Foil) | MLG Columbus 2016
Sticker | G2 Esports (Foil) | London 2018
Sticker | G2 Esports (Foil) | Krakow 2017
Sticker | G2 Esports (Foil) | Katowice 2019
Sticker | G2 Esports (Foil) | Cologne 2016
Sticker | G2 Esports (Foil) | Cluj-Napoca 2015
Sticker | G2 Esports (Foil) | Boston 2018
Sticker | G2 Esports (Foil) | Berlin 2019
Sticker | G2 Esports (Foil) | Atlanta 2017
Sticker | G2 (Holo) | 2020 RMR
Sticker | G2 (Gold) | 2020 RMR
Sticker | G2 (Foil) | 2020 RMR
Sticker | Furlan | Cologne 2015
Sticker | Furlan | Cluj-Napoca 2015
Sticker | Furlan (Foil) | Cologne 2015
Sticker | Furlan (Foil) | Cluj-Napoca 2015
Sticker | FURIA | Stockholm 2021
Sticker | FURIA | Rio 2022
Sticker | FURIA | Paris 2023
Sticker | FURIA | Katowice 2019
Sticker | FURIA | Berlin 2019
Sticker | FURIA | Antwerp 2022
Sticker | FURIA | 2020 RMR
Sticker | FURIA (Holo) | Stockholm 2021
Sticker | FURIA (Holo) | Rio 2022
Sticker | FURIA (Holo) | Paris 2023
Sticker | FURIA (Holo) | Katowice 2019
Sticker | FURIA (Holo) | Berlin 2019
Sticker | FURIA (Holo) | Antwerp 2022
Sticker | FURIA (Holo) | 2020 RMR
Sticker | FURIA (Gold) | Stockholm 2021
Sticker | FURIA (Gold) | Rio 2022
Sticker | FURIA (Gold) | Paris 2023
Sticker | FURIA (Gold) | Antwerp 2022
Sticker | FURIA (Gold) | 2020 RMR
Sticker | FURIA (Glitter) | Rio 2022
Sticker | FURIA (Glitter) | Paris 2023
Sticker | FURIA (Glitter) | Antwerp 2022
Sticker | FURIA (Foil) | Stockholm 2021
Sticker | FURIA (Foil) | Katowice 2019
Sticker | FURIA (Foil) | Berlin 2019
Sticker | FURIA (Foil) | 2020 RMR
Sticker | Full Buy
Sticker | FugLy | MLG Columbus 2016
Sticker | FugLy | Katowice 2019
Sticker | FugLy | Cluj-Napoca 2015
Sticker | FugLy (Gold) | Katowice 2019
Sticker | FugLy (Foil) | MLG Columbus 2016
Sticker | FugLy (Foil) | Katowice 2019
Sticker | FugLy (Foil) | Cluj-Napoca 2015
Sticker | frozen | Rio 2022
Sticker | frozen | Paris 2023
Sticker | frozen | Berlin 2019
Sticker | frozen (Holo) | Rio 2022
Sticker | frozen (Holo) | Paris 2023
Sticker | frozen (Gold) | Rio 2022
Sticker | frozen (Gold) | Paris 2023
Sticker | frozen (Gold) | Berlin 2019
Sticker | frozen (Glitter) | Rio 2022
Sticker | frozen (Glitter) | Paris 2023
Sticker | frozen (Foil) | Berlin 2019
Sticker | Friendly Fire (Holo)
Sticker | Friendly Fire
Sticker | Friend Code
Sticker | friberg | MLG Columbus 2016
Sticker | friberg | Cologne 2016
Sticker | friberg | Cologne 2015
Sticker | friberg | Cluj-Napoca 2015
Sticker | friberg (Foil) | MLG Columbus 2016
Sticker | friberg (Foil) | Cologne 2016
Sticker | friberg (Foil) | Cologne 2015
Sticker | friberg (Foil) | Cluj-Napoca 2015
Sticker | Freeze (Lenticular)
Sticker | Freeman | Katowice 2019
Sticker | Freeman | Berlin 2019
Sticker | Freeman (Gold) | Katowice 2019
Sticker | Freeman (Gold) | Berlin 2019
Sticker | Freeman (Foil) | Katowice 2019
Sticker | Freeman (Foil) | Berlin 2019
Sticker | Free Range
Sticker | Free Hugs (Holo)
Sticker | Free Hugs
Sticker | freakazoid | MLG Columbus 2016
Sticker | freakazoid | Cologne 2015
Sticker | freakazoid | Cluj-Napoca 2015
Sticker | freakazoid (Foil) | MLG Columbus 2016
Sticker | freakazoid (Foil) | Cologne 2015
Sticker | freakazoid (Foil) | Cluj-Napoca 2015
Sticker | fox | MLG Columbus 2016
Sticker | fox | Cologne 2016
Sticker | fox | Cologne 2015
Sticker | fox | Cluj-Napoca 2015
Sticker | fox | Atlanta 2017
Sticker | fox (Foil) | MLG Columbus 2016
Sticker | fox (Foil) | Cologne 2016
Sticker | fox (Foil) | Cologne 2015
Sticker | fox (Foil) | Cluj-Napoca 2015
Sticker | fox (Foil) | Atlanta 2017
Sticker | Fowl Play (Holo)
Sticker | Fowl Play
Sticker | forZe eSports | Paris 2023
Sticker | forZe eSports | Berlin 2019
Sticker | forZe eSports | Antwerp 2022
Sticker | forZe eSports (Holo) | Paris 2023
Sticker | forZe eSports (Holo) | Berlin 2019
Sticker | forZe eSports (Holo) | Antwerp 2022
Sticker | forZe eSports (Gold) | Paris 2023
Sticker | forZe eSports (Gold) | Antwerp 2022
Sticker | forZe eSports (Glitter) | Paris 2023
Sticker | forZe eSports (Glitter) | Antwerp 2022
Sticker | forZe eSports (Foil) | Berlin 2019
Sticker | Forty Two
Sticker | Forge Tier6 (Holo)
Sticker | Forester | Berlin 2019
Sticker | Forester (Gold) | Berlin 2019
Sticker | Forester (Foil) | Berlin 2019
Sticker | Fools Gold Wave Rider
Sticker | fnx | MLG Columbus 2016
Sticker | fnx | Cologne 2016
Sticker | fnx | Boston 2018
Sticker | fnx | Antwerp 2022
Sticker | fnx (Holo) | Antwerp 2022
Sticker | fnx (Gold) | Boston 2018
Sticker | fnx (Gold) | Antwerp 2022
Sticker | fnx (Glitter) | Antwerp 2022
Sticker | fnx (Foil) | MLG Columbus 2016
Sticker | fnx (Foil) | Cologne 2016
Sticker | fnx (Foil) | Boston 2018
Sticker | FNS | Cologne 2015
Sticker | FNS | Cluj-Napoca 2015
Sticker | FNS (Foil) | Cologne 2015
Sticker | FNS (Foil) | Cluj-Napoca 2015
Sticker | Fnatic | Rio 2022
Sticker | Fnatic | Paris 2023
Sticker | Fnatic | MLG Columbus 2016
Sticker | Fnatic | London 2018
Sticker | Fnatic | Krakow 2017
Sticker | Fnatic | Katowice 2019
Sticker | Fnatic | Katowice 2015
Sticker | Fnatic | Katowice 2014
Sticker | Fnatic | DreamHack 2014
Sticker | Fnatic | Cologne 2016
Sticker | Fnatic | Cologne 2015
Sticker | Fnatic | Cologne 2014
Sticker | Fnatic | Cluj-Napoca 2015
Sticker | Fnatic | Boston 2018
Sticker | Fnatic | Atlanta 2017
Sticker | Fnatic | 2020 RMR
Sticker | Fnatic (Holo) | Rio 2022
Sticker | Fnatic (Holo) | Paris 2023
Sticker | Fnatic (Holo) | MLG Columbus 2016
Sticker | Fnatic (Holo) | London 2018
Sticker | Fnatic (Holo) | Krakow 2017
Sticker | Fnatic (Holo) | Katowice 2019
Sticker | Fnatic (Holo) | Katowice 2015
Sticker | Fnatic (Holo) | Katowice 2014
Sticker | Fnatic (Holo) | DreamHack 2014
Sticker | Fnatic (Holo) | Cologne 2016
Sticker | Fnatic (Holo) | Cologne 2014
Sticker | Fnatic (Holo) | Boston 2018
Sticker | Fnatic (Holo) | Atlanta 2017
Sticker | Fnatic (Holo) | 2020 RMR
Sticker | Fnatic (Gold) | Rio 2022
Sticker | Fnatic (Gold) | Paris 2023
Sticker | Fnatic (Gold) | 2020 RMR
Sticker | Fnatic (Glitter) | Rio 2022
Sticker | Fnatic (Glitter) | Paris 2023
Sticker | Fnatic (Foil) | MLG Columbus 2016
Sticker | Fnatic (Foil) | London 2018
Sticker | Fnatic (Foil) | Krakow 2017
Sticker | Fnatic (Foil) | Katowice 2019
Sticker | Fnatic (Foil) | Katowice 2015
Sticker | Fnatic (Foil) | DreamHack 2014
Sticker | Fnatic (Foil) | Cologne 2016
Sticker | Fnatic (Foil) | Cologne 2015
Sticker | Fnatic (Foil) | Cluj-Napoca 2015
Sticker | Fnatic (Foil) | Boston 2018
Sticker | Fnatic (Foil) | Atlanta 2017
Sticker | Fnatic (Foil) | 2020 RMR
Sticker | Fluxo | Paris 2023
Sticker | Fluxo (Holo) | Paris 2023
Sticker | Fluxo (Gold) | Paris 2023
Sticker | Fluxo (Glitter) | Paris 2023
Sticker | flusha | MLG Columbus 2016
Sticker | flusha | London 2018
Sticker | flusha | Krakow 2017
Sticker | flusha | Katowice 2019
Sticker | flusha | Cologne 2016
Sticker | flusha | Cologne 2015
Sticker | flusha | Cluj-Napoca 2015
Sticker | flusha | Boston 2018
Sticker | flusha | Atlanta 2017
Sticker | flusha (Gold) | London 2018
Sticker | flusha (Gold) | Krakow 2017
Sticker | flusha (Gold) | Katowice 2019
Sticker | flusha (Gold) | Boston 2018
Sticker | flusha (Foil) | MLG Columbus 2016
Sticker | flusha (Foil) | London 2018
Sticker | flusha (Foil) | Krakow 2017
Sticker | flusha (Foil) | Katowice 2019
Sticker | flusha (Foil) | Cologne 2016
Sticker | flusha (Foil) | Cologne 2015
Sticker | flusha (Foil) | Cluj-Napoca 2015
Sticker | flusha (Foil) | Boston 2018
Sticker | flusha (Foil) | Atlanta 2017
Sticker | floppy | Paris 2023
Sticker | floppy | Antwerp 2022
Sticker | floppy (Holo) | Paris 2023
Sticker | floppy (Holo) | Antwerp 2022
Sticker | floppy (Gold) | Paris 2023
Sticker | floppy (Gold) | Antwerp 2022
Sticker | floppy (Glitter) | Paris 2023
Sticker | floppy (Glitter) | Antwerp 2022
Sticker | Flipsid3 Tactics | MLG Columbus 2016
Sticker | Flipsid3 Tactics | Krakow 2017
Sticker | Flipsid3 Tactics | Katowice 2015
Sticker | Flipsid3 Tactics | DreamHack 2014
Sticker | Flipsid3 Tactics | Cologne 2016
Sticker | Flipsid3 Tactics | Cologne 2015
Sticker | Flipsid3 Tactics | Cluj-Napoca 2015
Sticker | Flipsid3 Tactics | Boston 2018
Sticker | Flipsid3 Tactics | Atlanta 2017
Sticker | Flipsid3 Tactics (Holo) | MLG Columbus 2016
Sticker | Flipsid3 Tactics (Holo) | Krakow 2017
Sticker | Flipsid3 Tactics (Holo) | Katowice 2015
Sticker | Flipsid3 Tactics (Holo) | Cologne 2016
Sticker | Flipsid3 Tactics (Holo) | Boston 2018
Sticker | Flipsid3 Tactics (Holo) | Atlanta 2017
Sticker | Flipsid3 Tactics (Foil) | MLG Columbus 2016
Sticker | Flipsid3 Tactics (Foil) | Krakow 2017
Sticker | Flipsid3 Tactics (Foil) | Katowice 2015
Sticker | Flipsid3 Tactics (Foil) | Cologne 2016
Sticker | Flipsid3 Tactics (Foil) | Cologne 2015
Sticker | Flipsid3 Tactics (Foil) | Cluj-Napoca 2015
Sticker | Flipsid3 Tactics (Foil) | Boston 2018
Sticker | Flipsid3 Tactics (Foil) | Atlanta 2017
Sticker | Flickshot
Sticker | Flick Shotter
Sticker | Flashblack (Holo)
Sticker | Flashbang
Sticker | Flash Gaming | Boston 2018
Sticker | Flash Gaming (Holo) | Boston 2018
Sticker | Flash Gaming (Foil) | Boston 2018
Sticker | Flammable (Foil)
Sticker | flamie | MLG Columbus 2016
Sticker | flamie | London 2018
Sticker | flamie | Krakow 2017
Sticker | flamie | Katowice 2019
Sticker | flamie | Cologne 2016
Sticker | flamie | Cologne 2015
Sticker | flamie | Cluj-Napoca 2015
Sticker | flamie | Boston 2018
Sticker | flamie | Berlin 2019
Sticker | flamie | Atlanta 2017
Sticker | flamie (Gold) | London 2018
Sticker | flamie (Gold) | Krakow 2017
Sticker | flamie (Gold) | Katowice 2019
Sticker | flamie (Gold) | Boston 2018
Sticker | flamie (Gold) | Berlin 2019
Sticker | flamie (Foil) | MLG Columbus 2016
Sticker | flamie (Foil) | London 2018
Sticker | flamie (Foil) | Krakow 2017
Sticker | flamie (Foil) | Katowice 2019
Sticker | flamie (Foil) | Cologne 2016
Sticker | flamie (Foil) | Cologne 2015
Sticker | flamie (Foil) | Cluj-Napoca 2015
Sticker | flamie (Foil) | Boston 2018
Sticker | flamie (Foil) | Berlin 2019
Sticker | flamie (Foil) | Atlanta 2017
Sticker | FlameZ | Rio 2022
Sticker | FlameZ | Paris 2023
Sticker | FlameZ (Holo) | Rio 2022
Sticker | FlameZ (Holo) | Paris 2023
Sticker | FlameZ (Gold) | Rio 2022
Sticker | FlameZ (Gold) | Paris 2023
Sticker | FlameZ (Glitter) | Rio 2022
Sticker | FlameZ (Glitter) | Paris 2023
Sticker | Flame Tier6 (Holo)
Sticker | Flame Buttery (Holo)
Sticker | FL1T | Stockholm 2021
Sticker | FL1T | Rio 2022
Sticker | FL1T | Berlin 2019
Sticker | FL1T | Antwerp 2022
"Sticker | FL1T (Holo, Champion) | Rio 2022"
Sticker | FL1T (Holo) | Stockholm 2021
Sticker | FL1T (Holo) | Rio 2022
Sticker | FL1T (Holo) | Antwerp 2022
"Sticker | FL1T (Gold, Champion) | Rio 2022"
Sticker | FL1T (Gold) | Stockholm 2021
Sticker | FL1T (Gold) | Rio 2022
Sticker | FL1T (Gold) | Berlin 2019
Sticker | FL1T (Gold) | Antwerp 2022
"Sticker | FL1T (Glitter, Champion) | Rio 2022"
Sticker | FL1T (Glitter) | Rio 2022
Sticker | FL1T (Glitter) | Antwerp 2022
Sticker | FL1T (Foil) | Berlin 2019
Sticker | FL1T (Champion) | Rio 2022
Sticker | fitch | Katowice 2019
Sticker | fitch | Boston 2018
Sticker | fitch (Gold) | Katowice 2019
Sticker | fitch (Gold) | Boston 2018
Sticker | fitch (Foil) | Katowice 2019
Sticker | fitch (Foil) | Boston 2018
Sticker | First Blood (Holo)
Sticker | First Blood
Sticker | Firestarter (Holo)
Sticker | Fireball
Sticker | Fire Serpent Surf K (Foil)
Sticker | Fire in the Hole (Holo)
Sticker | Fight like a Girl
Sticker | fer | Rio 2022
Sticker | fer | MLG Columbus 2016
Sticker | fer | London 2018
Sticker | fer | Krakow 2017
Sticker | fer | Katowice 2019
Sticker | fer | Cologne 2016
Sticker | fer | Cologne 2015
Sticker | fer | Cluj-Napoca 2015
Sticker | fer | Boston 2018
Sticker | fer | Berlin 2019
Sticker | fer | Atlanta 2017
Sticker | fer | Antwerp 2022
Sticker | fer (Holo) | Rio 2022
Sticker | fer (Holo) | Antwerp 2022
Sticker | fer (Gold) | Rio 2022
Sticker | fer (Gold) | London 2018
Sticker | fer (Gold) | Krakow 2017
Sticker | fer (Gold) | Katowice 2019
Sticker | fer (Gold) | Boston 2018
Sticker | fer (Gold) | Berlin 2019
Sticker | fer (Gold) | Antwerp 2022
Sticker | fer (Glitter) | Rio 2022
Sticker | fer (Glitter) | Antwerp 2022
Sticker | fer (Foil) | MLG Columbus 2016
Sticker | fer (Foil) | London 2018
Sticker | fer (Foil) | Krakow 2017
Sticker | fer (Foil) | Katowice 2019
Sticker | fer (Foil) | Cologne 2016
Sticker | fer (Foil) | Cologne 2015
Sticker | fer (Foil) | Cluj-Napoca 2015
Sticker | fer (Foil) | Boston 2018
Sticker | fer (Foil) | Berlin 2019
Sticker | fer (Foil) | Atlanta 2017
Sticker | felps | Paris 2023
Sticker | felps | Krakow 2017
Sticker | felps | Katowice 2019
Sticker | felps | Boston 2018
Sticker | felps (Holo) | Paris 2023
Sticker | felps (Gold) | Paris 2023
Sticker | felps (Gold) | Krakow 2017
Sticker | felps (Gold) | Katowice 2019
Sticker | felps (Gold) | Boston 2018
Sticker | felps (Glitter) | Paris 2023
Sticker | felps (Foil) | Krakow 2017
Sticker | felps (Foil) | Katowice 2019
Sticker | felps (Foil) | Boston 2018
Sticker | Fearsome (Holo)
Sticker | Fearsome
Sticker | FaZe | 2020 RMR
Sticker | FaZe Clan | Stockholm 2021
Sticker | FaZe Clan | Rio 2022
Sticker | FaZe Clan | Paris 2023
Sticker | FaZe Clan | MLG Columbus 2016
Sticker | FaZe Clan | London 2018
Sticker | FaZe Clan | Krakow 2017
Sticker | FaZe Clan | Katowice 2019
Sticker | FaZe Clan | Cologne 2016
Sticker | FaZe Clan | Boston 2018
Sticker | FaZe Clan | Berlin 2019
Sticker | FaZe Clan | Atlanta 2017
Sticker | FaZe Clan | Antwerp 2022
Sticker | FaZe Clan (Holo) | Stockholm 2021
Sticker | FaZe Clan (Holo) | Rio 2022
Sticker | FaZe Clan (Holo) | Paris 2023
Sticker | FaZe Clan (Holo) | MLG Columbus 2016
Sticker | FaZe Clan (Holo) | London 2018
Sticker | FaZe Clan (Holo) | Krakow 2017
Sticker | FaZe Clan (Holo) | Katowice 2019
Sticker | FaZe Clan (Holo) | Cologne 2016
Sticker | FaZe Clan (Holo) | Boston 2018
Sticker | FaZe Clan (Holo) | Berlin 2019
Sticker | FaZe Clan (Holo) | Atlanta 2017
Sticker | FaZe Clan (Holo) | Antwerp 2022
Sticker | FaZe Clan (Gold) | Stockholm 2021
Sticker | FaZe Clan (Gold) | Rio 2022
Sticker | FaZe Clan (Gold) | Paris 2023
Sticker | FaZe Clan (Gold) | Antwerp 2022
Sticker | FaZe Clan (Glitter) | Rio 2022
Sticker | FaZe Clan (Glitter) | Paris 2023
Sticker | FaZe Clan (Glitter) | Antwerp 2022
Sticker | FaZe Clan (Foil) | Stockholm 2021
Sticker | FaZe Clan (Foil) | MLG Columbus 2016
Sticker | FaZe Clan (Foil) | London 2018
Sticker | FaZe Clan (Foil) | Krakow 2017
Sticker | FaZe Clan (Foil) | Katowice 2019
Sticker | FaZe Clan (Foil) | Cologne 2016
Sticker | FaZe Clan (Foil) | Boston 2018
Sticker | FaZe Clan (Foil) | Berlin 2019
Sticker | FaZe Clan (Foil) | Atlanta 2017
Sticker | FaZe (Holo) | 2020 RMR
Sticker | FaZe (Gold) | 2020 RMR
Sticker | FaZe (Foil) | 2020 RMR
Sticker | faveN | Rio 2022
Sticker | faveN | Antwerp 2022
Sticker | faveN (Holo) | Rio 2022
Sticker | faveN (Holo) | Antwerp 2022
Sticker | faveN (Gold) | Rio 2022
Sticker | faveN (Gold) | Antwerp 2022
Sticker | faveN (Glitter) | Rio 2022
Sticker | faveN (Glitter) | Antwerp 2022
Sticker | Fast Banana
Sticker | FASHR | Rio 2022
Sticker | FASHR | Paris 2023
Sticker | FASHR (Holo) | Rio 2022
Sticker | FASHR (Holo) | Paris 2023
Sticker | FASHR (Gold) | Rio 2022
Sticker | FASHR (Gold) | Paris 2023
Sticker | FASHR (Glitter) | Rio 2022
Sticker | FASHR (Glitter) | Paris 2023
Sticker | Farlig | Antwerp 2022
Sticker | Farlig (Holo) | Antwerp 2022
Sticker | Farlig (Gold) | Antwerp 2022
Sticker | Farlig (Glitter) | Antwerp 2022
Sticker | FaNg | Paris 2023
Sticker | FaNg | Antwerp 2022
Sticker | FaNg (Holo) | Paris 2023
Sticker | FaNg (Holo) | Antwerp 2022
Sticker | FaNg (Gold) | Paris 2023
Sticker | FaNg (Gold) | Antwerp 2022
Sticker | FaNg (Glitter) | Paris 2023
Sticker | FaNg (Glitter) | Antwerp 2022
Sticker | Fancy Koi (Foil)
Sticker | Fancy Koi
Sticker | fame | Rio 2022
"Sticker | fame (Holo, Champion) | Rio 2022"
Sticker | fame (Holo) | Rio 2022
"Sticker | fame (Gold, Champion) | Rio 2022"
Sticker | fame (Gold) | Rio 2022
"Sticker | fame (Glitter, Champion) | Rio 2022"
Sticker | fame (Glitter) | Rio 2022
Sticker | fame (Champion) | Rio 2022
Sticker | FalleN | Rio 2022
Sticker | FalleN | MLG Columbus 2016
Sticker | FalleN | London 2018
Sticker | FalleN | Krakow 2017
Sticker | FalleN | Katowice 2019
Sticker | FalleN | Cologne 2016
Sticker | FalleN | Cologne 2015
Sticker | FalleN | Cluj-Napoca 2015
Sticker | FalleN | Boston 2018
Sticker | FalleN | Berlin 2019
Sticker | FalleN | Atlanta 2017
Sticker | FalleN | Antwerp 2022
Sticker | FalleN (Holo) | Rio 2022
Sticker | FalleN (Holo) | Antwerp 2022
Sticker | FalleN (Gold) | Rio 2022
Sticker | FalleN (Gold) | London 2018
Sticker | FalleN (Gold) | Krakow 2017
Sticker | FalleN (Gold) | Katowice 2019
Sticker | FalleN (Gold) | Boston 2018
Sticker | FalleN (Gold) | Berlin 2019
Sticker | FalleN (Gold) | Antwerp 2022
Sticker | FalleN (Glitter) | Rio 2022
Sticker | FalleN (Glitter) | Antwerp 2022
Sticker | FalleN (Foil) | MLG Columbus 2016
Sticker | FalleN (Foil) | London 2018
Sticker | FalleN (Foil) | Krakow 2017
Sticker | FalleN (Foil) | Katowice 2019
Sticker | FalleN (Foil) | Cologne 2016
Sticker | FalleN (Foil) | Cologne 2015
Sticker | FalleN (Foil) | Cluj-Napoca 2015
Sticker | FalleN (Foil) | Boston 2018
Sticker | FalleN (Foil) | Berlin 2019
Sticker | FalleN (Foil) | Atlanta 2017
Sticker | Fade Lethal
Sticker | FACEIT | London 2018
Sticker | FACEIT (Holo) | London 2018
Sticker | FACEIT (Foil) | London 2018
Sticker | facecrack | Berlin 2019
Sticker | facecrack (Gold) | Berlin 2019
Sticker | facecrack (Foil) | Berlin 2019
Sticker | Face Me (Foil)
Sticker | F1KU | Rio 2022
Sticker | F1KU | Paris 2023
Sticker | F1KU (Holo) | Rio 2022
Sticker | F1KU (Holo) | Paris 2023
Sticker | F1KU (Gold) | Rio 2022
Sticker | F1KU (Gold) | Paris 2023
Sticker | F1KU (Glitter) | Rio 2022
Sticker | F1KU (Glitter) | Paris 2023
Sticker | f0rest | MLG Columbus 2016
Sticker | f0rest | London 2018
Sticker | f0rest | Katowice 2019
Sticker | f0rest | Cologne 2016
Sticker | f0rest | Cologne 2015
Sticker | f0rest | Cluj-Napoca 2015
Sticker | f0rest | Berlin 2019
Sticker | f0rest (Gold) | London 2018
Sticker | f0rest (Gold) | Katowice 2019
Sticker | f0rest (Gold) | Berlin 2019
Sticker | f0rest (Foil) | MLG Columbus 2016
Sticker | f0rest (Foil) | London 2018
Sticker | f0rest (Foil) | Katowice 2019
Sticker | f0rest (Foil) | Cologne 2016
Sticker | f0rest (Foil) | Cologne 2015
Sticker | f0rest (Foil) | Cluj-Napoca 2015
Sticker | f0rest (Foil) | Berlin 2019
Sticker | EZ
Sticker | Eye Contact (Holo)
Sticker | Extermination
Sticker | Explosive Strength
Sticker | Exo Jumper
Sticker | exit | Antwerp 2022
Sticker | exit (Holo) | Antwerp 2022
Sticker | exit (Gold) | Antwerp 2022
Sticker | exit (Glitter) | Antwerp 2022
Sticker | Ex6TenZ | MLG Columbus 2016
Sticker | Ex6TenZ | London 2018
Sticker | Ex6TenZ | Cologne 2015
Sticker | Ex6TenZ | Cluj-Napoca 2015
Sticker | Ex6TenZ (Gold) | London 2018
Sticker | Ex6TenZ (Foil) | MLG Columbus 2016
Sticker | Ex6TenZ (Foil) | London 2018
Sticker | Ex6TenZ (Foil) | Cologne 2015
Sticker | Ex6TenZ (Foil) | Cluj-Napoca 2015
Sticker | Evil Geniuses | Stockholm 2021
Sticker | Evil Geniuses | Rio 2022
Sticker | Evil Geniuses | 2020 RMR
Sticker | Evil Geniuses (Holo) | Stockholm 2021
Sticker | Evil Geniuses (Holo) | Rio 2022
Sticker | Evil Geniuses (Holo) | 2020 RMR
Sticker | Evil Geniuses (Gold) | Stockholm 2021
Sticker | Evil Geniuses (Gold) | Rio 2022
Sticker | Evil Geniuses (Gold) | 2020 RMR
Sticker | Evil Geniuses (Glitter) | Rio 2022
Sticker | Evil Geniuses (Foil) | Stockholm 2021
Sticker | Evil Geniuses (Foil) | 2020 RMR
Sticker | Ethereal Gaze (Foil)
Sticker | Ethan | Katowice 2019
Sticker | Ethan | Berlin 2019
Sticker | Ethan (Gold) | Katowice 2019
Sticker | Ethan (Gold) | Berlin 2019
Sticker | Ethan (Foil) | Katowice 2019
Sticker | Ethan (Foil) | Berlin 2019
Sticker | Eternal Fire | Antwerp 2022
Sticker | Eternal Fire (Holo) | Antwerp 2022
Sticker | Eternal Fire (Gold) | Antwerp 2022
Sticker | Eternal Fire (Glitter) | Antwerp 2022
Sticker | EspiranTo | Berlin 2019
Sticker | EspiranTo (Gold) | Berlin 2019
Sticker | EspiranTo (Foil) | Berlin 2019
Sticker | ESPADA | 2020 RMR
Sticker | ESPADA (Holo) | 2020 RMR
Sticker | ESPADA (Gold) | 2020 RMR
Sticker | ESPADA (Foil) | 2020 RMR
Sticker | ESL | Cologne 2016
Sticker | ESL | Cologne 2015
Sticker | ESL Wolf (Foil) | Katowice 2014
Sticker | ESL Skull (Foil) | Katowice 2014
Sticker | ESL One | Katowice 2015
Sticker | ESL One Cologne 2014 (Red)
Sticker | ESL One Cologne 2014 (Blue)
Sticker | ESL One (Foil) | Katowice 2015
Sticker | ESL (Holo) | Cologne 2016
Sticker | ESL (Foil) | Cologne 2016
Sticker | ESL (Foil) | Cologne 2015
Sticker | ESC Gaming | DreamHack 2014
Sticker | es3tag | Rio 2022
Sticker | es3tag | Antwerp 2022
Sticker | es3tag (Holo) | Rio 2022
Sticker | es3tag (Holo) | Antwerp 2022
Sticker | es3tag (Gold) | Rio 2022
Sticker | es3tag (Gold) | Antwerp 2022
Sticker | es3tag (Glitter) | Rio 2022
Sticker | es3tag (Glitter) | Antwerp 2022
Sticker | erkaSt | Katowice 2019
Sticker | erkaSt | Berlin 2019
Sticker | erkaSt (Gold) | Katowice 2019
Sticker | erkaSt (Gold) | Berlin 2019
Sticker | erkaSt (Foil) | Katowice 2019
Sticker | erkaSt (Foil) | Berlin 2019
Sticker | Epsilon eSports | Cologne 2014
Sticker | Epsilon eSports (Holo) | Cologne 2014
Sticker | Entry Fragger
Sticker | Entropiq | Stockholm 2021
Sticker | Entropiq (Holo) | Stockholm 2021
Sticker | Entropiq (Gold) | Stockholm 2021
Sticker | Entropiq (Foil) | Stockholm 2021
Sticker | Enemy Spotted (Holo)
Sticker | Enemy Spotted
Sticker | Endless Cycle
Sticker | ENCE | Stockholm 2021
Sticker | ENCE | Rio 2022
Sticker | ENCE | Paris 2023
Sticker | ENCE | Katowice 2019
Sticker | ENCE | Berlin 2019
Sticker | ENCE | Antwerp 2022
Sticker | ENCE (Holo) | Stockholm 2021
Sticker | ENCE (Holo) | Rio 2022
Sticker | ENCE (Holo) | Paris 2023
Sticker | ENCE (Holo) | Katowice 2019
Sticker | ENCE (Holo) | Berlin 2019
Sticker | ENCE (Holo) | Antwerp 2022
Sticker | ENCE (Gold) | Stockholm 2021
Sticker | ENCE (Gold) | Rio 2022
Sticker | ENCE (Gold) | Paris 2023
Sticker | ENCE (Gold) | Antwerp 2022
Sticker | ENCE (Glitter) | Rio 2022
Sticker | ENCE (Glitter) | Paris 2023
Sticker | ENCE (Glitter) | Antwerp 2022
Sticker | ENCE (Foil) | Stockholm 2021
Sticker | ENCE (Foil) | Katowice 2019
Sticker | ENCE (Foil) | Berlin 2019
Sticker | Emperor (Foil)
Sticker | emagine | Cologne 2015
Sticker | emagine (Foil) | Cologne 2015
Sticker | EliGE | Rio 2022
Sticker | EliGE | Paris 2023
Sticker | EliGE | MLG Columbus 2016
Sticker | EliGE | London 2018
Sticker | EliGE | Katowice 2019
Sticker | EliGE | Cologne 2016
Sticker | EliGE | Cluj-Napoca 2015
Sticker | EliGE | Boston 2018
Sticker | EliGE | Berlin 2019
Sticker | EliGE | Atlanta 2017
Sticker | EliGE | Antwerp 2022
Sticker | EliGE (Holo) | Rio 2022
Sticker | EliGE (Holo) | Paris 2023
Sticker | EliGE (Holo) | Antwerp 2022
Sticker | EliGE (Gold) | Rio 2022
Sticker | EliGE (Gold) | Paris 2023
Sticker | EliGE (Gold) | London 2018
Sticker | EliGE (Gold) | Katowice 2019
Sticker | EliGE (Gold) | Boston 2018
Sticker | EliGE (Gold) | Berlin 2019
Sticker | EliGE (Gold) | Antwerp 2022
Sticker | EliGE (Glitter) | Rio 2022
Sticker | EliGE (Glitter) | Paris 2023
Sticker | EliGE (Glitter) | Antwerp 2022
Sticker | EliGE (Foil) | MLG Columbus 2016
Sticker | EliGE (Foil) | London 2018
Sticker | EliGE (Foil) | Katowice 2019
Sticker | EliGE (Foil) | Cologne 2016
Sticker | EliGE (Foil) | Cluj-Napoca 2015
Sticker | EliGE (Foil) | Boston 2018
Sticker | EliGE (Foil) | Berlin 2019
Sticker | EliGE (Foil) | Atlanta 2017
Sticker | electroNic | Stockholm 2021
Sticker | electronic | Rio 2022
Sticker | electronic | Paris 2023
Sticker | electronic | London 2018
Sticker | electronic | Krakow 2017
Sticker | electronic | Katowice 2019
Sticker | electronic | Boston 2018
Sticker | electronic | Berlin 2019
Sticker | electronic | Atlanta 2017
Sticker | electronic | Antwerp 2022
Sticker | electroNic (Holo) | Stockholm 2021
Sticker | electronic (Holo) | Rio 2022
Sticker | electronic (Holo) | Paris 2023
Sticker | electronic (Holo) | Antwerp 2022
Sticker | electroNic (Gold) | Stockholm 2021
Sticker | electronic (Gold) | Rio 2022
Sticker | electronic (Gold) | Paris 2023
Sticker | electronic (Gold) | London 2018
Sticker | electronic (Gold) | Krakow 2017
Sticker | electronic (Gold) | Katowice 2019
Sticker | electronic (Gold) | Boston 2018
Sticker | electronic (Gold) | Berlin 2019
Sticker | electronic (Gold) | Antwerp 2022
Sticker | electronic (Glitter) | Rio 2022
Sticker | electronic (Glitter) | Paris 2023
Sticker | electronic (Glitter) | Antwerp 2022
Sticker | electronic (Foil) | London 2018
Sticker | electronic (Foil) | Krakow 2017
Sticker | electronic (Foil) | Katowice 2019
Sticker | electronic (Foil) | Boston 2018
Sticker | electronic (Foil) | Berlin 2019
Sticker | electronic (Foil) | Atlanta 2017
Sticker | ELEAGUE | Boston 2018
Sticker | ELEAGUE | Atlanta 2017
Sticker | ELEAGUE (Holo) | Boston 2018
Sticker | ELEAGUE (Holo) | Atlanta 2017
Sticker | ELEAGUE (Foil) | Boston 2018
Sticker | ELEAGUE (Foil) | Atlanta 2017
Sticker | Edward | MLG Columbus 2016
Sticker | Edward | London 2018
Sticker | Edward | Krakow 2017
Sticker | Edward | Katowice 2019
Sticker | Edward | Cologne 2016
Sticker | Edward | Cologne 2015
Sticker | Edward | Cluj-Napoca 2015
Sticker | Edward | Boston 2018
Sticker | Edward | Atlanta 2017
Sticker | Edward (Gold) | London 2018
Sticker | Edward (Gold) | Krakow 2017
Sticker | Edward (Gold) | Katowice 2019
Sticker | Edward (Gold) | Boston 2018
Sticker | Edward (Foil) | MLG Columbus 2016
Sticker | Edward (Foil) | London 2018
Sticker | Edward (Foil) | Krakow 2017
Sticker | Edward (Foil) | Katowice 2019
Sticker | Edward (Foil) | Cologne 2016
Sticker | Edward (Foil) | Cologne 2015
Sticker | Edward (Foil) | Cluj-Napoca 2015
Sticker | Edward (Foil) | Boston 2018
Sticker | Edward (Foil) | Atlanta 2017
Sticker | Eco Rush
Sticker | Easy Peasy
Sticker | Dycha | Rio 2022
Sticker | Dycha | Paris 2023
Sticker | dycha | Antwerp 2022
Sticker | Dycha (Holo) | Rio 2022
Sticker | Dycha (Holo) | Paris 2023
Sticker | dycha (Holo) | Antwerp 2022
Sticker | Dycha (Gold) | Rio 2022
Sticker | Dycha (Gold) | Paris 2023
Sticker | dycha (Gold) | Antwerp 2022
Sticker | Dycha (Glitter) | Rio 2022
Sticker | Dycha (Glitter) | Paris 2023
Sticker | dycha (Glitter) | Antwerp 2022
Sticker | Dust FA (Foil)
Sticker | dupreeh | Rio 2022
Sticker | dupreeh | Paris 2023
Sticker | dupreeh | MLG Columbus 2016
Sticker | dupreeh | London 2018
Sticker | dupreeh | Krakow 2017
Sticker | dupreeh | Katowice 2019
Sticker | dupreeh | Cologne 2016
Sticker | dupreeh | Cologne 2015
Sticker | dupreeh | Cluj-Napoca 2015
Sticker | dupreeh | Boston 2018
Sticker | dupreeh | Berlin 2019
Sticker | dupreeh | Atlanta 2017
Sticker | dupreeh | Antwerp 2022
"Sticker | dupreeh (Holo, Champion) | Paris 2023"
Sticker | dupreeh (Holo) | Rio 2022
Sticker | dupreeh (Holo) | Paris 2023
Sticker | dupreeh (Holo) | Antwerp 2022
"Sticker | dupreeh (Gold, Champion) | Paris 2023"
Sticker | dupreeh (Gold) | Rio 2022
Sticker | dupreeh (Gold) | Paris 2023
Sticker | dupreeh (Gold) | London 2018
Sticker | dupreeh (Gold) | Krakow 2017
Sticker | dupreeh (Gold) | Katowice 2019
Sticker | dupreeh (Gold) | Boston 2018
Sticker | dupreeh (Gold) | Berlin 2019
Sticker | dupreeh (Gold) | Antwerp 2022
"Sticker | dupreeh (Glitter, Champion) | Paris 2023"
Sticker | dupreeh (Glitter) | Rio 2022
Sticker | dupreeh (Glitter) | Paris 2023
Sticker | dupreeh (Glitter) | Antwerp 2022
Sticker | dupreeh (Foil) | MLG Columbus 2016
Sticker | dupreeh (Foil) | London 2018
Sticker | dupreeh (Foil) | Krakow 2017
Sticker | dupreeh (Foil) | Katowice 2019
Sticker | dupreeh (Foil) | Cologne 2016
Sticker | dupreeh (Foil) | Cologne 2015
Sticker | dupreeh (Foil) | Cluj-Napoca 2015
Sticker | dupreeh (Foil) | Boston 2018
Sticker | dupreeh (Foil) | Berlin 2019
Sticker | dupreeh (Foil) | Atlanta 2017
Sticker | dupreeh (Champion) | Paris 2023
Sticker | dumau | Rio 2022
Sticker | dumau (Holo) | Rio 2022
Sticker | dumau (Gold) | Rio 2022
Sticker | dumau (Glitter) | Rio 2022
Sticker | Drug War Veteran
Sticker | drop | Stockholm 2021
Sticker | drop | Rio 2022
Sticker | drop | Paris 2023
Sticker | drop | Antwerp 2022
Sticker | drop (Holo) | Stockholm 2021
Sticker | drop (Holo) | Rio 2022
Sticker | drop (Holo) | Paris 2023
Sticker | drop (Holo) | Antwerp 2022
Sticker | drop (Gold) | Stockholm 2021
Sticker | drop (Gold) | Rio 2022
Sticker | drop (Gold) | Paris 2023
Sticker | drop (Gold) | Antwerp 2022
Sticker | drop (Glitter) | Rio 2022
Sticker | drop (Glitter) | Paris 2023
Sticker | drop (Glitter) | Antwerp 2022
Sticker | Dreams And Mimics
Sticker | DreamHack | Cluj-Napoca 2015
Sticker | DreamHack Winter 2014 (Foil)
Sticker | DreamHack Winter 2014
Sticker | DreamHack (Foil) | Cluj-Napoca 2015
Sticker | DreamEaters | Berlin 2019
Sticker | DreamEaters (Holo) | Berlin 2019
Sticker | DreamEaters (Foil) | Berlin 2019
Sticker | draken | London 2018
Sticker | draken (Gold) | London 2018
Sticker | draken (Foil) | London 2018
Sticker | Dragon's Keep
Sticker | Dragon Tale
Sticker | Dragon Lore Surf Ava (Foil)
Sticker | Dragon Lore (Foil)
Sticker | Dragon (Foil)
Sticker | Dragon
Sticker | Dr. Dazzles
Sticker | Double Dip (Holo)
Sticker | Double Dip
Sticker | Dosia | MLG Columbus 2016
Sticker | Dosia | London 2018
Sticker | Dosia | Krakow 2017
Sticker | Dosia | Cologne 2016
Sticker | Dosia | Boston 2018
Sticker | Dosia | Atlanta 2017
Sticker | Dosia (Gold) | London 2018
Sticker | Dosia (Gold) | Krakow 2017
Sticker | Dosia (Gold) | Boston 2018
Sticker | Dosia (Foil) | MLG Columbus 2016
Sticker | Dosia (Foil) | London 2018
Sticker | Dosia (Foil) | Krakow 2017
Sticker | Dosia (Foil) | Cologne 2016
Sticker | Dosia (Foil) | Boston 2018
Sticker | Dosia (Foil) | Atlanta 2017
Sticker | Doru The Fox
Sticker | Doppler Poison Frog (Foil)
Sticker | Door Stuck (Foil)
Sticker | Doomed
"Sticker | Don't Worry, I'm Pro"
Sticker | Don't Worry(Holo)
Sticker | Don't Worry(Foil)
Sticker | Don't Worry (Holo)
Sticker | Don't Worry (Foil)
Sticker | Don't Worry
Sticker | DJ Safecracker (Lenticular)
Sticker | Distinguished Master Guardian (Holo)
Sticker | Distinguished Master Guardian
Sticker | disco doplan | Atlanta 2017
Sticker | disco doplan (Foil) | Atlanta 2017
Sticker | Dirty Money
Sticker | Dinked
Sticker | dimasick | Boston 2018
Sticker | dimasick (Gold) | Boston 2018
Sticker | dimasick (Foil) | Boston 2018
Sticker | Dima | London 2018
Sticker | Dima | Katowice 2019
Sticker | Dima (Gold) | London 2018
Sticker | Dima (Gold) | Katowice 2019
Sticker | Dima (Foil) | London 2018
Sticker | Dima (Foil) | Katowice 2019
Sticker | DickStacy | Katowice 2019
Sticker | DickStacy | Berlin 2019
Sticker | DickStacy (Gold) | Katowice 2019
Sticker | DickStacy (Gold) | Berlin 2019
Sticker | DickStacy (Foil) | Katowice 2019
Sticker | DickStacy (Foil) | Berlin 2019
Sticker | dgt | Rio 2022
Sticker | dgt | Antwerp 2022
Sticker | dgt (Holo) | Rio 2022
Sticker | dgt (Holo) | Antwerp 2022
Sticker | dgt (Gold) | Rio 2022
Sticker | dgt (Gold) | Antwerp 2022
Sticker | dgt (Glitter) | Rio 2022
Sticker | dgt (Glitter) | Antwerp 2022
Sticker | dexter | Rio 2022
Sticker | dexter | Paris 2023
Sticker | dexter | Katowice 2019
Sticker | dexter | Berlin 2019
Sticker | dexter (Holo) | Rio 2022
Sticker | dexter (Holo) | Paris 2023
Sticker | dexter (Gold) | Rio 2022
Sticker | dexter (Gold) | Paris 2023
Sticker | dexter (Gold) | Katowice 2019
Sticker | dexter (Gold) | Berlin 2019
Sticker | dexter (Glitter) | Rio 2022
Sticker | dexter (Glitter) | Paris 2023
Sticker | dexter (Foil) | Katowice 2019
Sticker | dexter (Foil) | Berlin 2019
Sticker | Devouring Flame (Holo)
Sticker | Devouring Flame
Sticker | devoduvek | Boston 2018
Sticker | devoduvek (Gold) | Boston 2018
Sticker | devoduvek (Foil) | Boston 2018
Sticker | DEVIL | MLG Columbus 2016
Sticker | DEVIL | Cologne 2016
Sticker | DEVIL (Foil) | MLG Columbus 2016
Sticker | DEVIL (Foil) | Cologne 2016
Sticker | device | Stockholm 2021
Sticker | device | MLG Columbus 2016
Sticker | device | London 2018
Sticker | device | Krakow 2017
Sticker | device | Katowice 2019
Sticker | device | Cologne 2016
Sticker | device | Cologne 2015
Sticker | device | Cluj-Napoca 2015
Sticker | device | Boston 2018
Sticker | device | Berlin 2019
Sticker | device | Atlanta 2017
Sticker | device (Holo) | Stockholm 2021
Sticker | device (Gold) | Stockholm 2021
Sticker | device (Gold) | London 2018
Sticker | device (Gold) | Krakow 2017
Sticker | device (Gold) | Katowice 2019
Sticker | device (Gold) | Boston 2018
Sticker | device (Gold) | Berlin 2019
Sticker | device (Foil) | MLG Columbus 2016
Sticker | device (Foil) | London 2018
Sticker | device (Foil) | Krakow 2017
Sticker | device (Foil) | Katowice 2019
Sticker | device (Foil) | Cologne 2016
Sticker | device (Foil) | Cologne 2015
Sticker | device (Foil) | Cluj-Napoca 2015
Sticker | device (Foil) | Boston 2018
Sticker | device (Foil) | Berlin 2019
Sticker | device (Foil) | Atlanta 2017
Sticker | DeStiNy | Berlin 2019
Sticker | DeStiNy (Gold) | Berlin 2019
Sticker | DeStiNy (Foil) | Berlin 2019
Sticker | Dessert Eagle
Sticker | dephh | London 2018
Sticker | dephh | Katowice 2019
Sticker | dephh | Berlin 2019
Sticker | dephh (Gold) | London 2018
Sticker | dephh (Gold) | Katowice 2019
Sticker | dephh (Gold) | Berlin 2019
Sticker | dephh (Foil) | London 2018
Sticker | dephh (Foil) | Katowice 2019
Sticker | dephh (Foil) | Berlin 2019
Sticker | dennis | MLG Columbus 2016
Sticker | dennis | London 2018
Sticker | dennis | Krakow 2017
Sticker | dennis | Katowice 2019
Sticker | dennis | Cologne 2016
Sticker | dennis | Cologne 2015
Sticker | dennis | Cluj-Napoca 2015
Sticker | dennis | Atlanta 2017
Sticker | dennis (Gold) | London 2018
Sticker | dennis (Gold) | Krakow 2017
Sticker | dennis (Gold) | Katowice 2019
Sticker | dennis (Foil) | MLG Columbus 2016
Sticker | dennis (Foil) | London 2018
Sticker | dennis (Foil) | Krakow 2017
Sticker | dennis (Foil) | Katowice 2019
Sticker | dennis (Foil) | Cologne 2016
Sticker | dennis (Foil) | Cologne 2015
Sticker | dennis (Foil) | Cluj-Napoca 2015
Sticker | dennis (Foil) | Atlanta 2017
Sticker | denis | MLG Columbus 2016
Sticker | denis | Krakow 2017
Sticker | denis | Cologne 2016
Sticker | denis | Cologne 2015
Sticker | denis | Cluj-Napoca 2015
Sticker | denis | Boston 2018
Sticker | denis | Atlanta 2017
Sticker | denis (Gold) | Krakow 2017
Sticker | denis (Gold) | Boston 2018
Sticker | denis (Foil) | MLG Columbus 2016
Sticker | denis (Foil) | Krakow 2017
Sticker | denis (Foil) | Cologne 2016
Sticker | denis (Foil) | Cologne 2015
Sticker | denis (Foil) | Cluj-Napoca 2015
Sticker | denis (Foil) | Boston 2018
Sticker | denis (Foil) | Atlanta 2017
Sticker | DemQQ | Paris 2023
Sticker | DemQQ (Holo) | Paris 2023
Sticker | DemQQ (Gold) | Paris 2023
Sticker | DemQQ (Glitter) | Paris 2023
Sticker | Delicious Tears
Sticker | degster | Rio 2022
Sticker | degster | Paris 2023
Sticker | degster | Antwerp 2022
Sticker | degster (Holo) | Rio 2022
Sticker | degster (Holo) | Paris 2023
Sticker | degster (Holo) | Antwerp 2022
Sticker | degster (Gold) | Rio 2022
Sticker | degster (Gold) | Paris 2023
Sticker | degster (Gold) | Antwerp 2022
Sticker | degster (Glitter) | Rio 2022
Sticker | degster (Glitter) | Paris 2023
Sticker | degster (Glitter) | Antwerp 2022
Sticker | Defuse It (Holo)
Sticker | Death Comes
Sticker | DeadFox | London 2018
Sticker | DeadFox | Katowice 2019
Sticker | DeadFox | Berlin 2019
Sticker | DeadFox | Atlanta 2017
Sticker | DeadFox (Gold) | London 2018
Sticker | DeadFox (Gold) | Katowice 2019
Sticker | DeadFox (Gold) | Berlin 2019
Sticker | DeadFox (Foil) | London 2018
Sticker | DeadFox (Foil) | Katowice 2019
Sticker | DeadFox (Foil) | Berlin 2019
Sticker | DeadFox (Foil) | Atlanta 2017
Sticker | Dead Eye (Holo)
